group	ada	issue_date	publish_date	status	corrected	subject	amounts	afms	adams	url
hospital_group_99221950	61Γ246907Τ-1Λ6	2024-12-03T00:00:00+00:00	2024-12-05T10:24:16.965000+00:00	PUBLISHED		«Έγκριση πρακτικού επιτροπής διαπραγμάτευσης, χωρίς προηγούμενη δημοσίευση σύμφωνα με τις διατάξεις του άρθρου 32 παράγραφος 2α και β (ββ), του ν 4412/2016 και της Οδηγίας 2014/24/ΕΕ, για την ανάθεση σύμβασης συντήρησης (CPV 72261000-2) για την εφαρμογή του Ταμείου ασθενών του Ψυχιατρικού τομέα του Γενικού Νοσοκομείου Χανίων» για τρία έτη με δικαίωμα προαίρεσης για ένα επιπλέον έτος.»			24PROC015569494,24REQ015465435,24REQ015549050	https://diavgeia.gov.gr/doc/61Γ246907Τ-1Λ6
hospital_group_99221950	62ΓΣ46907Τ-ΕΜ8	2026-06-05T00:00:00+00:00	2026-06-09T07:09:53.149000+00:00	PUBLISHED		«Έγκριση πρακτικού επιτροπής διαπραγμάτευσης χωρίς προηγούμενη δημοσίευση σύμφωνα με τις διατάξεις του άρθρου 32 του ν 4412/2016 και της Οδηγίας 2014/24/ΕΕ, για την προμήθεια υλικών και επισκευή του video γαστροσκοπίου EG-2990i S/NQ002UZ0389 του οίκου Pentax του Γαστρεντερολογικού – Ενδοσκοπικού Τμήματος του Γενικού Νοσοκομείου Χανιών.»	8.060,00			https://diavgeia.gov.gr/doc/62ΓΣ46907Τ-ΕΜ8
hospital_group_99221950	9ΠΩΨ46907Τ-1Υ2	2026-06-05T00:00:00+00:00	2026-06-09T08:45:51.730000+00:00	PUBLISHED		«Έγκριση πρακτικού επιτροπής διαπραγμάτευσης χωρίς προηγούμενη δημοσίευση σύμφωνα με τις διατάξεις του άρθρου 32 του Ν.4412/2016 και της Οδηγίας 2014/24/ΕΕ, για την προμήθεια υλικών και υπηρεσίας της «ΤΑΚΤΙΚΗΣ-ΠΡΟΛΗΠΤΙΚΗΣ ΣΥΝΤΗΡΗΣΗΣ ΤΩΝ ΚΕΝΤΡΩΝ ΠΕΠΙΕΣΜΕΝΟΥ ΑΕΡΑ ΚΑΙ ΚΕΝΟΥ» του Γενικού Νοσοκομείου Χανιών.»	8.262,80,8.342,80			https://diavgeia.gov.gr/doc/9ΠΩΨ46907Τ-1Υ2
hospital_group_99221950	ΡΩΑΑ46907Τ-ΗΧΦ	2026-06-05T00:00:00+00:00	2026-06-09T07:35:16.806000+00:00	PUBLISHED		«Έγκριση πρακτικού επιτροπής διαπραγμάτευσης χωρίς προηγούμενη δημοσίευση σύμφωνα με τις διατάξεις του άρθρου 32 του Ν. 4412/2016 και της Οδηγίας 2014/24/ΕΕ, για την επισκευή με αντικατάσταση του video Κoλονοσκοπίου EC-3890Li S/N K110189 του οίκου Pentax του Γαστρεντερολογικού – Ενδοσκοπικού Τμήματος του Γενικού Νοσοκομείου Χανιών.»				https://diavgeia.gov.gr/doc/ΡΩΑΑ46907Τ-ΗΧΦ
hospital_group_99222005	65Ν246906Ρ-ΣΣ5	2024-12-20T00:00:00+00:00	2025-01-21T13:09:43.803000+00:00	PUBLISHED		ΘΕΜΑ 24 : Έγκριση της προσφυγής στη Διαδικασία με Διαπραγμάτευση χωρίς προηγούμενη δημοσίευση, για το διαγωνισμό με τίτλο: «Συντήρηση με ανταλλακτικά (total care), είκοσι (20) Monitors Draeger Infinity C700 και δύο (2) Κεντρικών Σταθμών Παρακολούθησης Draeger Infinity Central Station Wide», (CPV: 50421000-2), του Ακτινοθεραπευτικού Τμήματος, προϋπολογιζόμενης συνολικής δαπάνης 64.728,00€ (συμπεριλαμβανομένου Φ.Π.Α. 24%), για δύο έτη και με δυνατότητα ετήσιας παράτασης, στην εταιρεία: «Draeger He	64.728,00			https://diavgeia.gov.gr/doc/65Ν246906Ρ-ΣΣ5
hospital_group_99222005	6ΧΞΛ46906Ρ-ΣΨ0	2025-11-17T00:00:00+00:00	2026-01-12T10:47:36.890000+00:00	PUBLISHED		ΘΕΜΑ 23 : Έγκριση της προσφυγής στη Διαδικασία με Διαπραγμάτευση χωρίς προηγούμενη δημοσίευση, για την παροχή υπηρεσιών με τίτλο: «Ετήσια συντήρηση Αξονικού Τομογράφου GE CT LIGHTSPEED RT16 με ID H2194CT04, με ανταλλακτικά συμπεριλαμβανομένης της ακτινολογικής λυχνίας», (CPV: 50421000-2), του Ακτινοθεραπευτικού Τμήματος, προϋπολογιζόμενης συνολικής δαπάνης 59.999,88€ (συμπεριλαμβανομένου Φ.Π.Α.), με την εξουσιοδοτημένη εταιρεία στην Ελλάδα: «GE HEALTHCARE Α.Ε.».	59.999,88	094472918		https://diavgeia.gov.gr/doc/6ΧΞΛ46906Ρ-ΣΨ0
hospital_group_99222005	Ρ2ΙΩ46906Ρ-ΗΣΟ	2024-06-26T00:00:00+00:00	2024-07-29T12:13:57.599000+00:00	PUBLISHED		ΘΕΜΑ 12 : Έγκριση της προσφυγής στη Διαδικασία με Διαπραγμάτευση χωρίς προηγούμενη δημοσίευση, για το διαγωνισμό με τίτλο «Ανταλλακτικά Γραμμικού Επιταχυντή Elekta Synergy με sn: 152014», (CPV: 50421000-2), του Ακτινοθεραπευτικού Τμήματος, προϋπολογιζόμενης συνολικής δαπάνης 106.334,10€ (συμπεριλαμβανομένου Φ.Π.Α.).	106.334,10,85.753,30			https://diavgeia.gov.gr/doc/Ρ2ΙΩ46906Ρ-ΗΣΟ
hospital_group_99222000	6996469067-ΡΔ2	2024-02-12T00:00:00+00:00	2024-08-23T07:18:05.785000+00:00	PUBLISHED		Επικύρωση της με αριθμ. 162/24.1.2024 απόφασης του κ. Αντωνάκη Νι¬κόλαου, Διοικητή του Νοσοκομείου, αναφορικά με την Την επικύ¬ρωση του από 19.1.2024 Πρακτικού αποσφράγισης και του από 24.1.2024 Πρακτικού αξιολόγησης της υπ΄ αριθ. 387973 ηλεκτρονικής προσφο¬ράς που κατέθεσε η εταιρεία IPIROTIKI FACILITY SERVICES S.A. με τον δια¬κρι¬τικό τίτλο «IFS IPIROTIKI FACILITY SERVICES SΑ», στην 5/2024 δι¬απραγμάτευση χωρίς προηγούμενη δημοσίευση για την ανάθεση των «Διανομής και Παρασκευής Φαγητού» του Νο	171.039,00,171.042,21,212.088,36,212.092,34,57.013,00,57.014,07,70.696,12	998309282		https://diavgeia.gov.gr/doc/6996469067-ΡΔ2
hospital_group_99222000	699Ξ469067-Ο6Χ	2024-06-13T00:00:00+00:00	2024-08-22T07:12:18.892000+00:00	PUBLISHED		Επικύρωση της με αριθμ. 913/10.5.2024 απόφασης του κ. Αντωνάκη ι¬κόλαου, Διοικητή του Νοσοκομείου, αναφορικά με τηνδιενέργεια δια¬πραγμάτευσης με την εταιρεία ΒIOTRANS A.E., σύμφωνα με τις διατάξεις του άρθρου 32, του Ν. 4412/2016 «Προσφυγή στη διαδικασία με δια¬πραγμάτευση χωρίς προηγούμενη δημοσίευση» (άρθρο 32 της Οδηγίας 2014/24/ΕΕ), παρ. 2, περ. β, υποπερ. ββ) για χρονικό διάστημα έξι (6) μηνών, συνολικής προϋπολογιζόμενης δαπάνης 43.200,00 € χωρίς Φ.Π.Α. και 53.568,00 € με Φ.Π.Α. 24%, για 	115.200,00,142.848,00,28.800,00,35.712,00,43.200,00,53.568,00,57.600,00,71.424,00		22SYMV010037982	https://diavgeia.gov.gr/doc/699Ξ469067-Ο6Χ
hospital_group_99222000	6ΙΥΘ469067-ΞΟΕ	2024-02-12T00:00:00+00:00	2024-08-23T06:52:22.595000+00:00	PUBLISHED		Επικύρωση της με αριθμ. 105/17.1.2024 απόφασης του κ. Αντωνάκη Νι¬κόλαου, Διοικητή του Νοσοκομείου, αναφορικά με την επικύρωση του από 16.1.2024 Πρακτικού αποσφράγισης και αξιολόγησης της Επι¬τροπής διενέργειας και αξιολόγησης της ηλεκτρονικής διαπραγμάτευση με αριθ. διακ. 2/2024, με χρήση της πλατφόρμας του Εθνικού Συστή¬ματος Ηλε¬κτρονικών Δημοσίων Συμβάσεων (ΣΑ 299311) μέσω της δια¬δικτυακής πύλης www.promitheus.gov.gr, για την ανάθεση υπηρεσιών «ΑΠΟΚΟ¬ΜΙΔΗΣ, ΜΕΤΑΦΟΡΑΣ ΚΑΙ ΔΙΑΘΕΣΗΣ ΝΟΣΟΚΟΜΕΙΑ	0,67,0,70,0,75,1,70,1,85,10.822,97,189.017,53,197.745,73,2.517,75,234.381,74,245.204,71,6.210,45,8.728,20,92.439,23,94.956,98,96.578,30			https://diavgeia.gov.gr/doc/6ΙΥΘ469067-ΞΟΕ
hospital_group_99222000	96ΙΔ469067-ΓΓΝ	2024-02-12T00:00:00+00:00	2024-08-23T07:41:00.482000+00:00	PUBLISHED		Επικύρωση της με αριθμ. 235/1.2.2024 απόφασης του κ. Αντωνάκη Νι¬κόλαου, Διοικητή του Νοσοκομείου, αναφορικά με την έγκριση διενέρ¬γειας διαπραγμάτευσης, με την εταιρεία COMPUTER TEAM AEBE, σύμ¬φωνα με τις διατάξεις του άρθρου 32, του Ν. 4412/2016 «Προσφυγή στη δια¬δικασία με διαπραγμάτευση χωρίς προηγούμενη δημοσίευση» (άρθρο 32 της Οδη¬γίας 2014/24/ΕΕ), παρ. 2, περ. β, υποπερ. ββ) και γγ), ετήσιας προϋπολογιζόμενης δαπάνης 188.459,16 € χωρίς Φ.Π.Α. και 233.689,32 € με Φ.Π.Α. 24%, για την ανά¬θ	188.459,16,212.040,00,233.689,32,503.937,10			https://diavgeia.gov.gr/doc/96ΙΔ469067-ΓΓΝ
hospital_group_99222000	9818469067-ΦΝΥ	2026-06-29T00:00:00+00:00	2026-07-02T07:50:53.982000+00:00	PUBLISHED		Επικύρωση της με αριθμ. 1504/19.6.2026 απόφασης του κ. Αντωνάκη Νι¬κόλαου, Διοικητή του Νοσοκομείου, αναφορικά με την ανάθεση της επισκευής και συντήρησης του Αξονικού Τομογράφου GE CT660 OPTIMA με ανταλλακτικά, στην εταιρεία GE HEALTHCARE ΦΑΡΜΑΚΕΥ¬ΤΙΚΗ ΕΜΠΟΡΙΚΗ ΚΑΙ ΒΙΟΜΗΧΑΝΙΚΗ ΕΤΑΙΡΕΙΑ, για χρονικό διάστημα δύο (2) μηνών, συνολικής προϋπολογιζόμενης δαπάνης 6.048,32 € χω¬ρίς Φ.Π.Α. και 7.499,92 € με Φ.Π.Α. 24%, σύμφωνα με τις παρ. 1, 2, 3 και 4 του άρθρου 118 του Ν. 4412/2016 και τους όρους της	119.223,31,147.836,90,6.048,32,7.499,92	094472918	25PROC017376406,25SYMV017586343	https://diavgeia.gov.gr/doc/9818469067-ΦΝΥ
hospital_group_99222000	9ΛΥ8469067-Δ9Ω	2024-06-13T00:00:00+00:00	2024-08-22T07:23:37.248000+00:00	PUBLISHED		Επικύρωση της με αριθμ. 1079/31.5.2024 απόφασης του κ. Αντωνάκη Νι¬κόλαου, Διοικητή του Νοσοκομείου, αναφορικά με την επικύρωση του από 31.5.2024 Πρακτικού αποσφράγισης και ελέγχου της υπ’ αριθμ. 404729 ηλεκτρονικής προσφοράς που κατέθεσε η εταιρεία IPIROTIKI FACILITY SERVICES SA, στην υπ’ αριθμ. 84/2024 διαπραγμάτευση χωρίς προηγού¬μενη δημοσίευση, σύμφωνα με τις διατάξεις του άρθρου 32, του Ν. 4412/2016, για την ανάθεση «ΥΠΗΡΕΣΙΩΝ ΚΑΘΑΡΙΣΜΟΥ ΚΤΙΡΙΩΝ» του Νοσοκομείου και της Αποκεντρωμένης Οργα	106.512,66,163.402,00,163.403,00,202.618,48,202.619,72,26.809,24	998309282		https://diavgeia.gov.gr/doc/9ΛΥ8469067-Δ9Ω
hospital_group_99222000	9ΦΤΧ469067-Σ4Χ	2024-06-13T00:00:00+00:00	2024-08-22T07:14:32.502000+00:00	PUBLISHED		Επικύρωση της με αριθμ. 1043/24.5.2024 απόφασης του κ. Αντωνάκη Νικόλαου, Διοικητή του Νοσοκομείου, αναφορικά με την επικύρωση του από 22.5.2024 Πρακτικού αποσφράγισης και αξιολόγησης της προσφο¬ράς που κατέθεσε η εταιρία της εταιρίας ΜΠΑΪΟΤΡΑΝΣ Α.Ε., για την ανάθεση των «Υπηρεσιών Τραπεζών Αίματος (μεταφορά αίματος και βιο¬λογικών δειγμάτων) (CPV:85146000-4)», για χρονικό διάστημα έξι (6) μηνών	1,50,43.200,00,53.568,00	999506681	24PROC014773974	https://diavgeia.gov.gr/doc/9ΦΤΧ469067-Σ4Χ
hospital_group_99222000	9Ψ3Τ469067-ΧΧΙ	2024-05-22T00:00:00+00:00	2024-08-22T10:18:09.400000+00:00	PUBLISHED		Επικύρωση της με αριθμ. 976/17.5.2024 απόφασης του κ. Αντωνάκη Νι¬κόλαου, Διοικητή του Νοσοκομείου, αναφορικά με την επικύρωση του από 17.5.2024 Πρακτικού αποσφράγισης και αξιολόγησης της Επιτροπής διενέργειας και αξιολόγησης της ηλεκτρονικής διαπραγμάτευση με αριθ. διακ. 77/2024, με χρήση της πλατφόρμας του Εθνικού Συστήματος Ηλε¬κτρονικών Δημοσίων Συμβάσεων (ΣΑ 350574) μέσω της διαδικτυακής πύλης www.promitheus.gov.gr, για την ανάθεση υπηρεσιών «ΑΠΟΚΟ¬ΜΙΔΗΣ, ΜΕΤΑΦΟ¬ΡΑΣ ΚΑΙ ΔΙΑΘΕΣΗΣ ΝΟΣΟΚΟΜΕΙΑΚ	0,67,0,70,0,75,1,70,1,85,10.080,20,10.822,97,115.202,88,118.808,49,12.499,45,120.361,22,129.255,06,189.017,53,189.971,05,197.745,73,200.051,25,234.381,74,235.564,10,245.204,71,248.063,55			https://diavgeia.gov.gr/doc/9Ψ3Τ469067-ΧΧΙ
hospital_group_99222000	ΡΠΣΕ469067-ΨΞ8	2024-05-22T00:00:00+00:00	2024-08-22T10:01:16.927000+00:00	PUBLISHED		Επικύρωση της με αριθμ. 905/9.5.2024 απόφασης του κ. Αντωνάκη Νι¬κόλαου, Διοικητή του Νοσοκομείου, αναφορικά με την επικύρωση του από 9.5.2024 Πρακτικού αποσφράγισης και ελέγχου της υπ’ αριθμ. 350016 ηλεκτρονικής προσφοράς που κατέθεσε η εταιρεία IPIROTIKI FACILITY SERVICES SA, στην υπ’ αριθμ. 70/2024 διαπραγμάτευση χωρίς προηγούμενη δημοσίευση, σύμφωνα με τις διατάξεις του άρθρου 32 του Ν. 4412/2016, για την ανάθεση «ΥΠΗΡΕΣΙΩΝ ΚΑΘΑΡΙΣΜΟΥ ΚΤΙΡΙΩΝ» του Νοσοκομείου και της Αποκεντρωμένης Οργανικής	106.512,66,163.403,00,163.403,80,202.619,72,202.620,71,26.809,24	998309282		https://diavgeia.gov.gr/doc/ΡΠΣΕ469067-ΨΞ8
hospital_group_99222000	Ψ9ΗΡ469067-7ΞΕ	2024-06-13T00:00:00+00:00	2024-08-22T07:25:18.067000+00:00	PUBLISHED		Επικύρωση της με αριθμ. 1082/31.5.2024 απόφασης του κ. Αντωνάκη ι¬κόλαου, Διοικητή του Νοσοκομείου, αναφορικά με την επικύρωση του από 31.5.2024 Πρακτικού αποσφράγισης και αξιολόγησης των προσφο¬ρών της Επιτροπής διενέργειας της ηλεκτρονικής διαπραγμάτευσης με αρ. διακ. 86/2024, για την ανάθεση των «ΥΠΗΡΕΣΙΩΝ ΣΙΔΕΡΩΤΗΡΙΟΥ» (CPV 98315000-4), με ΣΑ ΕΣΗΔΗΣ 352448, για την κάλυψη αναγκών του Γενικού Νοσοκομείου Θεσσαλονίκης «ΙΠΠΟΚΡΑΤΕΙΟ», για έξι (6) μήνες, με την εταιρεία Δ. ΜΕΓΡΕΜΗΣ - Α. ΚΥΡΙΑΚΙΔΟ	125.241,83,155.299,87	998522935	24PROC014843785	https://diavgeia.gov.gr/doc/Ψ9ΗΡ469067-7ΞΕ
hospital_group_99222000	ΨΒΑ0469067-ΗΑ9	2024-06-13T00:00:00+00:00	2024-08-22T07:16:09.537000+00:00	PUBLISHED		Επικύρωση της με αριθμ. 1045/24.5.2024 απόφασης του κ. Αντωνάκη Νι¬κόλαου, Διοικητή του Νοσοκομείου, αναφορικά με την προσφυγή στη διαδικασία της διαπραγμάτευσης χωρίς προηγούμενη δημοσί¬ευση, μέσω του ΕΣΗΔΗΣ, σύμφωνα με τις διατάξεις του άρθρου 32, του Ν. 4412/2016, για την ανάθεση «ΥΠΗΡΕΣΙΕΣ ΚΑΘΑΡΙΣΜΟΥ ΚΤΙΡΙΩΝ» του Νοσοκο¬μείου και της Αποκεντρωμένης Οργανικής Μονάδας του Νοσοκο¬μείου Αφροδίσιων και Δερματικών Νόσων Θεσσαλονίκης, (CPV 90911200-8), με απασχολούμενο προσωπικό 110 ατόμων συνολικώ	163.403,00,163.403,80,2.443.390,06,2.476.816,26,202.619,72,209.000,00,26.326,20,7.100,00		24SYMV014612359	https://diavgeia.gov.gr/doc/ΨΒΑ0469067-ΗΑ9
hospital_group_99222000	ΨΓ6Ζ469067-1ΩΓ	2024-02-12T00:00:00+00:00	2024-08-23T07:35:59.344000+00:00	PUBLISHED		Επικύρωση της με αριθμ. 204/31.1.2024 απόφασης του κ. Αντωνάκη Νι¬κόλαου, Διοικητή του Νοσοκομείου, αναφορικά με την προσφυγή στη διαδικασία της διαπραγμάτευσης χωρίς προηγούμενη δημοσί¬ευση, μέσω του ΕΣΗΔΗΣ, σύμφωνα με τις διατάξεις του άρθρου 32, του Ν. 4412/2016, για την ανάθεση «ΥΠΗΡΕΣΙΕΣ ΚΑΘΑΡΙΣΜΟΥ ΚΤΙΡΙΩΝ» του Νοσοκο¬μείου και της Αποκεντρωμένης Οργανικής Μονάδας του Νοσοκομείου Αφροδίσιων και Δερματικών Νόσων Θεσσαλονίκης, (CPV 90911200-8)	153.577,00,190.435,48,2.443.390,06,2.476.816,26,209.000,00,26.326,20,7.100,00		24SYMV014127327	https://diavgeia.gov.gr/doc/ΨΓ6Ζ469067-1ΩΓ
hospital_group_99222000	ΨΕΨΝ469067-ΨΧ3	2026-06-29T00:00:00+00:00	2026-07-02T07:53:50.613000+00:00	PUBLISHED		Επικύρωση της με αριθμ. 1528/19.6.2026 απόφασης του κ. Αντωνάκη Νι¬κόλαου, Διοικητή του Νοσοκομείου, αναφορικά με την προσφυγή στη διαδικασία ηλεκτρονικής διαπραγμάτευσης χωρίς προηγούμενη δη¬μοσίευση, σύμφωνα με τις διατάξεις του άρθρου 32 του Ν. 4412/2016, παρ. 2 β’ και γ’, με την εταιρία ΦΙΛΙΠΣ ΕΛΛΑΣ ΑΝΩΝΥΜΟΣ ΕΜΠΟΡΙΚΗ ΚΑΙ ΒΙΟΜΗΧΑ¬ΝΙΚΗ ΕΤΑΙΡΙΑ ΗΛΕΚΤΡΟΤΕΧΝΙΚΩΝ ΠΡΟΪΟΝΤΩΝ ΚΑΙ ΙΑ¬ΤΡΙΚΩΝ ΣΥΣΤΗΜΑΤΩΝ, για την ανάθεση υπηρεσιών Επισκευής και Συ¬ντήρησης ιατρικού εξοπλισμού (CPV: 50420000-5), για χρονι	111.600,00,34.516,13,42.800,00,45.000,00,55.800,00,639.887,10,69.032,26,79.516,13,793.460,00,85.600,00,90.000,00,98.600,00		25PROC017927069	https://diavgeia.gov.gr/doc/ΨΕΨΝ469067-ΨΧ3
hospital_group_99222000	ΨΚ6Κ469067-ΓΕΜ	2024-05-22T00:00:00+00:00	2024-08-22T10:06:45.253000+00:00	PUBLISHED		Επικύρωση της με αριθμ. 931/14.5.2024 απόφασης του κ. Αντωνάκη Νι¬κόλαου, Διοικητή του Νοσοκομείου, αναφορικά με την προσφυγή στη διαδικασία της διαπραγμάτευσης χωρίς προηγούμενη δημοσί¬ευση, σύμ¬φωνα με τις διατάξεις του άρθρου 32, του Ν. 4412/2016, μέσω ΕΣΗ¬ΔΗΣ, με την εταιρεία ΑΠΟΣΤΕΙΡΩΣΗ ΚΕΝΤΡΟ ΕΠΕΞΕΡΓΑΣΙΑΣ ΑΠΟΒΛΗΤΩΝ ΑΝΩ¬ΝΥΜΗ ΕΤΑΙΡΕΙΑ, για την ανάθεση υπηρεσιών «ΑΠΟΚΟΜΙΔΗΣ, ΜΕ¬ΤΑΦΟΡΑΣ ΚΑΙ ΔΙΑΘΕΣΗΣ ΝΟΣΟΚΟΜΕΙΑΚΩΝ ΑΠΟΒΛΗΤΩΝ» ΤΩΝ ΕΠΙ¬ΚΙΝΔΥΝΩΝ ΙΑΤΡΙΚΩΝ ΑΠΟΒΛΗΤΩΝ ΕΑΑΜ ΤΟΥ ΝΟΣΟΚΟΜΕΙΟΥ ΚΑΙ ΤΗΣ ΑΠΟΚΕ	1,37,10.080,20,12.499,44,189.971,05,197.745,73,2,60,200.051,25,235.564,10,245.204,71,248.063,55,385.453,60,477.962,46,662.590,00,821.611,60		24SYMV014165091	https://diavgeia.gov.gr/doc/ΨΚ6Κ469067-ΓΕΜ
hospital_group_99222000	ΨΦΦ6469067-Ι6Λ	2024-05-22T00:00:00+00:00	2024-08-22T10:02:51.164000+00:00	PUBLISHED		Επικύρωση της με αριθμ. 913/10.5.2024 απόφασης του κ. Αντωνάκη Νι¬κόλαου, Διοικητή του Νοσοκομείου, αναφορικά με την διενέργεια δια¬πραγμάτευσης με την εταιρεία ΒIOTRANS A.E., σύμφωνα με τις διατάξεις του άρθρου 32, του Ν. 4412/2016 «Προσφυγή στη διαδικασία με δια¬πραγμάτευση χωρίς προηγούμενη δημοσίευση» (άρθρο 32 της Οδηγίας 2014/24/ΕΕ), παρ. 2, περ. β, υποπερ. ββ) για χρονικό διάστημα έξι (6) μηνών, συνολικής προϋπολογιζόμενης δαπάνης 43.200,00 € χωρίς Φ.Π.Α. και 53.568,00 € με Φ.Π.Α. 24%, γι	115.200,00,142.848,00,28.800,00,35.712,00,43.200,00,53.568,00,57.600,00,71.424,00		22SYMV010037982	https://diavgeia.gov.gr/doc/ΨΦΦ6469067-Ι6Λ
ape_group_100049029	6Σ2Τ46ΜΓΘΓ-Θ6Ν	2025-06-03T00:00:00+00:00	2025-06-04T07:17:33.288000+00:00	PUBLISHED		Υπ' αριθμ. 412/2025 ΑΔΕ "Έγκριση 3ου Τακτοποιητικού Ανακεφαλαιωτικού Πίνακα Εργασιών (Α.Π.Ε.) του έργου με τίτλο: «ΔΙΑΜΟΡΦΩΣΗ ΔΗΜΟΤΙΚΟΥ ΚΟΙΝΟΧΡΗΣΤΟΥ ΧΩΡΟΥ ΣΤΟΝ ΟΙΚΙΣΜΟ ΠΑΡΑΛΙΑΣ ΘΕΡΜΗΣ ΔΗΜΟΥ ΛΕΣΒΟΥ»."	0.00,0.94,024.50,030.02,089.45,090.39,158.909,73,159.32,175.13,200.16,220.57,226.06,230.18,231.58,265.31,4.159,32,420.49,471.68,485.10,5,52		21SYMV008779551,24SYMV015150919	https://diavgeia.gov.gr/doc/6Σ2Τ46ΜΓΘΓ-Θ6Ν
ape_group_100049029	9Τ1346ΜΓΘΓ-Η1Γ	2026-06-23T00:00:00+00:00	2026-06-29T09:58:56.247000+00:00	PUBLISHED		Υπ' αριθμ. 566/2026 ΑΔΕ «Έγκριση 3ου Τακτοποιητικού Ανακεφαλαιωτικού Πίνακα Εργασιών (Α.Π.Ε.) του έργου με τίτλο: «ΚΑΤΑΣΚΕΥΗ & ΗΛΕΚΤΡΟΦΩΤΙΣΜΟΣ ΓΗΠΕΔΟΥ 8Χ8 ΣΤΟΥΣ ΠΥΡΓΟΥΣ ΘΕΡΜΗΣ».	0.00,0.01,0.71,018.55,120.24,323.49,328.44,4.23,4.95,503.74,507.97,555.01,571.32,756.41,757.12,768.48,829.61,926.80,938.88,943.11		24SYMV015362505,25SYMV017322457,25SYMV017491563	https://diavgeia.gov.gr/doc/9Τ1346ΜΓΘΓ-Η1Γ
ape_group_100049029	ΨΙ1546ΜΓΘΓ-9ΦΒ	2025-03-11T00:00:00+00:00	2025-03-12T10:56:31.594000+00:00	PUBLISHED		Υπ' αριθμ. 173/2025 ΑΔΕ "Έγκριση 3ου Τακτοποιητικού Ανακεφαλαιωτικού Πίνακα Εργασιών (Α.Π.Ε.) του έργου με τίτλο: «ΑΝΑΚΑΤΑΣΚΕΥΗ ΥΠΟΔΟΜΩΝ ΣΤΙΒΟΥ ΣΤΑ ΣΤΑΔΙΑ ΜΥΤΙΛΗΝΗΣ & ΚΑΛΛΟΝΗΣ»."	0.00,031.44,086.15,102.411,86,145.46,181.62,241.06,314.30,33.651,51,337.21,366.04,379.93,4.181,62,404.41,415.72,422.68,460.41,486.11,495.62,520.209,62		22SYMV010142116	https://diavgeia.gov.gr/doc/ΨΙ1546ΜΓΘΓ-9ΦΒ
modification_group_55291	61Ξ6ΟΞ5Ψ-Χ5Β	2025-12-03T00:00:00+00:00	2025-12-10T12:08:19.880000+00:00	PUBLISHED		ΠΡΑΚΤΙΚΟ Δ.Σ. 19/2025 Ο.Α.Κ. Α.Ε. - ΘΕΜΑ Η.Δ. 27 - Λήψη απόφασης περί έγκρισης τροποποίησης της υπ’ αρ. πρωτ. 17708/27-12-2024 σύμβασης παροχής υπηρεσιών “«Υποστήριξη υπηρεσιών του ΟΑΚ Α.Ε. που αφορά τη λειτουργία, τη συντήρηση της Εγκαταστάσεων Επεξεργασίας Νερού (ΕΕΝ) Αποσελέμη και των λοιπών εγκαταστάσεων των Έργων Αποσελέμη καθώς και τη λειτουργία του εργαστηρίου ελέγχου ποιότητας νερού της Εγκατάστασης Επεξεργασίας Νερού (EEN) Αποσελέμη, για το έτος 2025» - ΤΜΗΜΑ 2: ΠΡΟΣΩΠΙΚΟ ΥΠΟΣΤΗΡΙΞΗΣ ΔΙ	11.719,25,111.097,02,111.102,02,221.000,00,25.032,77,36.752,02,500.094,00,657.780,00,704.000,00,74.345,00,83.341,00,99.377,77		24AWRD015957058,24PROC015559383,24PROC015559423,24REQ015518876,24SYMV016085596	https://diavgeia.gov.gr/doc/61Ξ6ΟΞ5Ψ-Χ5Β
modification_group_55291	6ΣΛΨΟΞ5Ψ-3ΕΥ	2024-06-12T00:00:00+00:00	2024-06-19T10:26:41.072000+00:00	PUBLISHED		ΠΡΑΚΤΙΚΟ Δ.Σ. 09/2024 Ο.Α.Κ. Α.Ε. - ΘΕΜΑ Η.Δ. 21- Λήψη απόφασης περί έγκρισης τροποποίησης της υπ’ αρ. πρωτ. 18623/29-12-2023 σύμβασης παροχής υπηρεσιών «Υποστήριξη υπηρεσιών Ο.Α.Κ. Α.Ε. για την συντήρηση και παρακολούθηση των Δικτύων και λοιπών υδραυλικών εγκαταστάσεων του Οργανισμού για το έτος 2024», βάση της παρ. 1 περίπτωση β του άρθρου 132 του ν.4412/2016.	221.000,00,35.643,00,41.159,00,41.273,03,562.494,00,639.410,03,76.916,03		22PROC013584361,24SYMV014301239	https://diavgeia.gov.gr/doc/6ΣΛΨΟΞ5Ψ-3ΕΥ
modification_group_55291	990ΔΟΞ5Ψ-3ΕΝ	2025-10-06T00:00:00+00:00	2025-10-17T07:31:11.099000+00:00	PUBLISHED		ΠΡΑΚΤΙΚΟ Δ.Σ. 16/2025 Ο.Α.Κ. Α.Ε. - ΘΕΜΑ Η.Δ. 18 - Λήψη απόφασης περί έγκρισης τροποποίησης της υπ’ αρ. πρωτ. 2166/17-02-25 σύμβασης παροχής υπηρεσιών «Υποστήριξη της Δ/νσης Συγκοινωνιακών Έργων του ΟΑΚ ΑΕ σε τεχνικά θέματα για το έτος 2025 ΤΜΗΜΑ 2 ΔΕΚΑΜΗΝΟ 2025», σύμφωνα με την παρ.1γ του άρθρου 132 του ν.4412/2016.	104.070,00,21.000,00,70,00	016321927	24PROC015539856,24PROC015539903,24PROC015964021,24PROC015964163,24REQ015507120,24REQ015920180,25AWRD016297479,25SYMV016321927	https://diavgeia.gov.gr/doc/990ΔΟΞ5Ψ-3ΕΝ
modification_group_55291	9ΧΞΞΟΞ5Ψ-347	2024-03-19T00:00:00+00:00	2024-03-19T10:32:22.421000+00:00	PUBLISHED		ΠΡΑΚΤΙΚΟ Δ.Σ. 05/2024 Ο.Α.Κ. Α.Ε. - ΘΕΜΑ Η.Δ. 01 - Λήψη απόφασης περί έγκρισης τροποποίησης της υπ’ αρ. πρωτ. 3717_20-03-23 σύμβασης παροχής υπηρεσιών με τίτλο ««Υποστήριξη υπηρεσιών για τη λειτουργία του συστήματος (SCADA) και υποστήριξη της λειτουργίας των αντλιοστασίων του Οργανισμού στην Π.Ε. Χανίων», σύμφωνα με την παρ. 2β του άρθρου 132 του ν.4412/2016.	16.196,28,161.962,80		22PROC011506283,22PROC011506339,22REQ010990535,22REQ010994210,23AWRD012291132	https://diavgeia.gov.gr/doc/9ΧΞΞΟΞ5Ψ-347
modification_group_55291	9ΧΧΜΟΞ5Ψ-ΘΜΒ	2025-12-03T00:00:00+00:00	2025-12-10T11:55:33.898000+00:00	PUBLISHED		ΠΡΑΚΤΙΚΟ Δ.Σ. 19/2025 Ο.Α.Κ. Α.Ε. - ΘΕΜΑ Η.Δ. 25 - Λήψη απόφασης περί έγκρισης τροποποίησης της υπ’ αρ. πρωτ. 17774/30-12-2024 σύμβασης παροχής υπηρεσιών «Υποστήριξη υπηρεσιών Ο.Α.Κ. Α.Ε. για την συντήρηση και παρακολούθηση των Δικτύων και λοιπών υδραυλικών εγκαταστάσεων του Οργανισμού για το 2025», βάσει της παρ.1 περίπτωση β του άρθρου 132 του ν.4412/2016.	0,00,203.600,00,21.898,60,221.000,00,719.302,00,800.000,00,944.800,60		24AWRD016013176,24PROC015549510,24PROC015549562,24REQ015518883,24SYMV016092346	https://diavgeia.gov.gr/doc/9ΧΧΜΟΞ5Ψ-ΘΜΒ
modification_group_55291	ΕΧΗ6ΟΞ5Ψ-4ΤΥ	2026-05-27T00:00:00+00:00	2026-06-02T17:37:46.413000+00:00	PUBLISHED		ΠΡΑΚΤΙΚΟ Δ.Σ. 07/2026 Ο.Α.Κ. Α.Ε. - ΘΕΜΑ Η.Δ. 22 - Λήψη απόφασης περί έγκρισης τροποποίησης της υπ’ αρ. πρωτ. 798/21-01-2026 σύμβασης παροχής υπηρεσιών «Υποστήριξη της Δ/νσης Συγκοινωνιακών Έργων του ΟΑΚ ΑΕ σε τεχνικά θέματα για το έτος 2026» σύμφωνα με την παρ.1, εδάφιο β του άρθρου 132 του ν.4412/2016.	121.700,00,125.070,00,126.200,00,136.684,97,14.984,97,14.985,04,18.581,36,363.343,00,984.97		25PROC017839313,25PROC017839600,25REQ017744489,25SYMV018366466,26AWRD018317108,26SYMV018366466	https://diavgeia.gov.gr/doc/ΕΧΗ6ΟΞ5Ψ-4ΤΥ
modification_group_55291	ΡΒ8ΡΟΞ5Ψ-ΗΤ7	2025-12-03T00:00:00+00:00	2025-12-10T12:11:40.622000+00:00	PUBLISHED		ΠΡΑΚΤΙΚΟ Δ.Σ. 19/2025 Ο.Α.Κ. Α.Ε. - ΘΕΜΑ Η.Δ. 28 - Λήψη απόφασης περί έγκρισης τροποποίησης της υπ’ αρ. πρωτ. 17707/27-12-2024 σύμβασης παροχής υπηρεσιών “«Υποστήριξη υπηρεσιών του ΟΑΚ Α.Ε. που αφορά τη λειτουργία, τη συντήρηση της Εγκαταστάσεων Επεξεργασίας Νερού (ΕΕΝ) Αποσελέμη και των λοιπών εγκαταστάσεων των Έργων Αποσελέμη καθώς και τη λειτουργία του εργαστηρίου ελέγχου ποιότητας νερού της Εγκατάστασης Επεξεργασίας Νερού (EEN) Αποσελέμη, για το έτος 2025» - ΤΜΗΜΑ 3: «ΠΡΟΣΩΠΙΚΟ ΕΡΓΑΣΤΗΡΙΟΥ -	122.135,75,221.000,00,38.794,75,500.094,00,657.780,00,704.000,00,74.345,00,83.341,00		24AWRD015957058,24PROC015559383,24PROC015559423,24REQ015518876,24SYMV016085745	https://diavgeia.gov.gr/doc/ΡΒ8ΡΟΞ5Ψ-ΗΤ7
modification_group_55291	ΨΑΤΦΟΞ5Ψ-ΙΧ3	2025-12-03T00:00:00+00:00	2025-12-08T07:28:50.836000+00:00	PUBLISHED		ΠΡΑΚΤΙΚΟ Δ.Σ. 19/2025 Ο.Α.Κ. Α.Ε. - ΘΕΜΑ Η.Δ. 29 - Λήψη απόφασης περί έγκρισης τροποποίησης της υπ’ αρ. πρωτ. 13068/07-10-2025 σύμβασης προμήθειας «Προμήθεια ηλεκτρολογικού υλικού αντλιοστασίων του Ο.Α.Κ. Α.Ε. για το έτος 2025», σύμφωνα με την παρ.1 περίπτωση β του άρθρου 132 του ν.4412/2016.	13.600,00,17.850,00,2.250,00,22.350,00,221.000,00,3.329,18,4.250,00,4.500,00		25AWRD016689390,25PROC016594877,25REQ016488160,25REQ016569024,25SYMV016702712	https://diavgeia.gov.gr/doc/ΨΑΤΦΟΞ5Ψ-ΙΧ3
modification_group_55291	ΨΓ15ΟΞ5Ψ-02Μ	2025-12-03T00:00:00+00:00	2025-12-08T07:23:26.069000+00:00	PUBLISHED		ΠΡΑΚΤΙΚΟ Δ.Σ. 19/2025 Ο.Α.Κ. Α.Ε. - ΘΕΜΑ Η.Δ. 24 - Λήψη απόφασης περί έγκρισης τροποποίησης της υπ’ αρ. πρωτ. 17673/24-12-2024 σύμβασης παροχής υπηρεσιών «Υποστήριξη της Δ/νσης Οικονομικών Υπηρεσιών και της Δ/νσης Διαχείρισης Συγκοινωνιακών & Υδραυλικών Έργων του ΟΑΚ ΑΕ για το έτος 2025», βάσει της παρ.1 περίπτωση β του άρθρου 132 του ν.4412/2016	11.500,00,221.000,00,23.804,26,265.585,12,270.600,00,300.889,38,300.899,38		24AWRD015953662,24PROC015559861,24PROC015559896,24REQ015507225,24SYMV016076346,25SYMV016410632	https://diavgeia.gov.gr/doc/ΨΓ15ΟΞ5Ψ-02Μ
modification_group_55291	ΨΖΝ5ΟΞ5Ψ-Δ9Ο	2025-12-03T00:00:00+00:00	2025-12-10T12:01:35.895000+00:00	PUBLISHED		ΠΡΑΚΤΙΚΟ Δ.Σ. 19/2025 Ο.Α.Κ. Α.Ε. - ΘΕΜΑ Η.Δ. 26 - Λήψη απόφασης περί έγκρισης 2ης τροποποίησης της υπ’ αρ. πρωτ. 17350/19-12-2024 σύμβασης παροχής υπηρεσιών “«Υποστήριξη υπηρεσιών του ΟΑΚ Α.Ε. που αφορά τη λειτουργία, τη συντήρηση της Εγκαταστάσεων Επεξεργασίας Νερού (ΕΕΝ) Αποσελέμη και των λοιπών εγκαταστάσεων των Έργων Αποσελέμη καθώς και τη λειτουργία του εργαστηρίου ελέγχου ποιότητας νερού της Εγκατάστασης Επεξεργασίας Νερού (EEN) Αποσελέμη, για το έτος 2025 - ΤΜΗΜΑ 1: «ΤΕΧΝΙΚΟ ΠΡΟΣΩΠΙΚΟ - 	0,00,180.318,93,221.000,00,500.000,00,500.094,00,657.780,00,680.318,93,704.000,00,74.345,00,83.341,00		24AWRD016013176,24PROC015559383,24PROC015559423,24REQ015518876,24SYMV016040788	https://diavgeia.gov.gr/doc/ΨΖΝ5ΟΞ5Ψ-Δ9Ο
modification_group_55291	ΨΝ19ΟΞ5Ψ-967	2025-09-22T00:00:00+00:00	2025-10-07T08:18:07.468000+00:00	PUBLISHED		ΠΡΑΚΤΙΚΟ Δ.Σ. 15/2025 Ο.Α.Κ. Α.Ε. - ΘΕΜΑ Η.Δ. 18 - Λήψη απόφασης περί έγκρισης τροποποίησης της υπ’ αρ. πρωτ. 10742/18-08-2025 σύμβασης προμήθειας «Αντλητικά συγκροτήματα αντλιοστασίων ΟΑΚ Βλητέ - Ζούρμπου», σύμφωνα με την παρ.1 περίπτωση β του άρθρου 132 του ν.4412/2016.	11.700,00,11.790,00,17.685,00,221.000,00,29.700,00,5.895,00		25AWRD017266097,25PROC016878600,25REQ016863067,25SYMV017406886	https://diavgeia.gov.gr/doc/ΨΝ19ΟΞ5Ψ-967
