neighborhood	ada	issue_date	status	organization_id	subject	amounts	afms	adams	matched_terms	url
ippokrateio_cleaning_and_food	648Β469067-ΝΞ6	2023-06-28T00:00:00+00:00	PUBLISHED	99222000	ΑΠΟΦΑΣΗ ΑΝΑΛΗΨΗΣ ΥΠΟΧΡΕΩΣΗΣ 3322/28-6-2023	1,00,158.080,22	999432325		Διανομής και Παρασκευής Φαγητού	https://diavgeia.gov.gr/doc/648Β469067-ΝΞ6
ippokrateio_cleaning_and_food	66ΒΡ469067-ΓΧΤ	2023-01-24T00:00:00+00:00	PUBLISHED	99222000	Επικύρωση του από 11.1.2023 Πρακτικού εξέτασης των Υπεύθυνων δηλώ¬σεων οψιγενών μεταβολών της αναδόχου εταιρίας IPIROTIKI FACILITY SERVICES Α.Ε. ΠΑΡΟΧΗΣ ΥΠΗΡΕΣΙΩΝ ΚΑΘΑΡΙΣΜΟΥ, ΕΜΠΟΡΙΚΗ ΚΑΙ ΑΝΤΙΠΡΟ¬ΣΩΠΕΙΩΝ στον ανοιχτό, δημόσιο, διεθνή ηλεκτρονικό διαγωνισμό για την ανά¬θεση των υπηρεσιών «Διανομής και παρασκευής φαγητού» (CPV 55322000-3), για χρονικό διάστημα ενός (1) έτους, με αριθμό διακήρυξης 60/2022 και συστη¬μικό αριθμό 161649, συνολικής προϋπολογιζόμενης δαπάνης 599.558,29 € χωρίς Φ.Π.Α., η οποία διαμορφώνεται σε 743.452,28 € με Φ.Π.Α. 24%, με κριτήριο αξι¬ολόγησης την πλέον συμφέρουσα από οικονομική άποψη προσφορά βάσει τιμής (χαμηλότερη τιμή).	3.000,00,49.770,00,597.240,00,599.558,29,61.714,80,740.577,60,743.452,28	553220000,998309282	22PROC010617401	998309282,Διανομής και Παρασκευής Φαγητού	https://diavgeia.gov.gr/doc/66ΒΡ469067-ΓΧΤ
ippokrateio_cleaning_and_food	69ΓΟ469067-0ΜΑ	2023-04-12T00:00:00+00:00	PUBLISHED	99222000	Επικύρωση του από 5.4.2023 Πρακτικού ελέγχου του αιτήματος του Προϊσταμένου του Τμήματος Διατροφής, αναφορικά με το αίτημά του για ενίσχυση με προσωπικό, σε συνέχεια της από 1.2.2023 υπογεγραμ¬μένης ετήσιας Σύμβασης για τις υπηρεσίες Διανομής και Παρασκευής Φα¬γητού του με αριθ. διακ. 60/2022 Διεθνή, Δημόσιου, Ανοικτού, Ηλεκτρο¬νικού Διαγωνισμού για την ανάθεση υπηρεσιών «ΔΙΑΝΟΜΗΣ ΚΑΙ ΠΑΡΑ¬ΣΚΕΥΗΣ ΦΑΓΗΤΟΥ» (CPV 55322000-3), καθώς και του υπ’ αριθμ. πρωτ. 14515/29.3.2023 εγγράφου της αναδόχου εταιρίας IPIROTIKI FACILITY SERVISES Α.Ε.	1.820,00,2.256,80,215.000,00,26.226,00,49.770,00,52.120,00,530,00,597.240,00,599.558,29,61.714,80,618.390,00,64.628,80,657,20,74.057,76,740.577,60,743.452,28,766.803,60	553220000,998309282	22PROC010617401,23SYMV012063106	998309282,Διανομής και Παρασκευής Φαγητού	https://diavgeia.gov.gr/doc/69ΓΟ469067-0ΜΑ
ippokrateio_cleaning_and_food	6ΑΙΛ469067-8ΧΗ	2023-03-23T00:00:00+00:00	PUBLISHED	99222000	Επικύρωση της με αριθμ. 434/23.2.2023 απόφασης της κας Τιτοπούλου Αλεξάνδρας, Αναπληρώτρια Διοικήτρια, αναφορικά με την τακτοποίηση της οφειλής του Νοσοκομείου προς την εταιρεία IPIROTIKI FACILITY SERVICES S.A., που απορρέει από τα υπ’ αριθ. ΤΠΥ 1257/31.8.2022, ΤΠΥ 1417/30.9.2022, ΤΠΥ 1617/31.10.2022, ΤΠΥ 1785/31.11.2022 και ΤΠΥ 1955/27.12.2022, τιμολόγια παροχής υπηρεσιών, συνολικής αξίας 338.366,88 € για την παροχή υπηρεσιών εστίασης κατά τους μήνες Αύ¬γουστο, Σεπτέμβριο, Οκτώβριο, Νοέμβριο και Δεκέμβριο του 2022	193.726,44,240.220,78,270.679,60,29,62,31,85,338.366,88,34.350,00,40.324,00,49.991,84,49.993,08,49.995,56,49.996,80,49.998,04,49.999,28,50.000,52,50.001,76,506.121,80,59.513,80,627.591,03,63.132,12,663,00,67.669,28,67.670,52,67.699,28,713,00	553220000	19PROC005322615	Διανομής και Παρασκευής Φαγητού	https://diavgeia.gov.gr/doc/6ΑΙΛ469067-8ΧΗ
ippokrateio_cleaning_and_food	6Γ0Υ469067-Ν67	2023-03-22T00:00:00+00:00	PUBLISHED	99222000	ΧΡΗΜΑΤΙΚΟ ΕΝΤΑΛΜΑ ΠΛΗΡΩΜΗΣ 292Β/2023		998309282		998309282,Διανομής και Παρασκευής Φαγητού	https://diavgeia.gov.gr/doc/6Γ0Υ469067-Ν67
ippokrateio_cleaning_and_food	6Η9Χ469067-ΠΞΜ	2023-03-28T00:00:00+00:00	PUBLISHED	99222000	ΧΡΗΜΑΤΙΚΟ ΕΝΤΑΛΜΑ ΠΛΗΡΩΜΗΣ 311Β/2023		998309282		998309282	https://diavgeia.gov.gr/doc/6Η9Χ469067-ΠΞΜ
ippokrateio_cleaning_and_food	6ΙΔ7469067-ΡΣΩ	2023-03-28T00:00:00+00:00	PUBLISHED	99222000	ΧΡΗΜΑΤΙΚΟ ΕΝΤΑΛΜΑ ΠΛΗΡΩΜΗΣ 312Β/2023		998309282		998309282	https://diavgeia.gov.gr/doc/6ΙΔ7469067-ΡΣΩ
ippokrateio_cleaning_and_food	6ΙΚ6469067-Λ6Ξ	2023-03-24T00:00:00+00:00	PUBLISHED	99222000	ΑΠΟΦΑΣΗ ΑΝΑΛΗΨΗΣ ΥΠΟΧΡΕΩΣΗΣ 1810/24-3-2023	955.868,88			ΥΠΗΡΕΣΙΕΣ ΚΑΘΑΡΙΣΜΟΥ ΚΤΙΡΙΩΝ	https://diavgeia.gov.gr/doc/6ΙΚ6469067-Λ6Ξ
ippokrateio_cleaning_and_food	6ΛΦΒ469067-Ι5Τ	2023-04-10T00:00:00+00:00	PUBLISHED	99222000	ΧΡΗΜΑΤΙΚΟ ΕΝΤΑΛΜΑ ΠΛΗΡΩΜΗΣ 379Β/2023		998309282		998309282,Διανομής και Παρασκευής Φαγητού	https://diavgeia.gov.gr/doc/6ΛΦΒ469067-Ι5Τ
ippokrateio_cleaning_and_food	6ΦΛ0469067-Φ1Μ	2023-02-16T00:00:00+00:00	PUBLISHED	99222000	Ορισμός τριμελούς επιτροπής με έργο τη σύνταξη των τεχνικών προδιαγραφών και τον καθορισμό της προϋπολογιζόμενης δαπάνης του διαγωνισμού για την ανάθεση υπηρεσιών «ΔΙΑΝΟΜΗΣ ΚΑΙ ΠΑΡΑΣΚΕΥΗΣ ΦΑΓΗΤΟΥ» του Νοσοκομείου για ένα (1) έτος (CPV: 55322000-3).			22PROC010617401	Διανομής και Παρασκευής Φαγητού	https://diavgeia.gov.gr/doc/6ΦΛ0469067-Φ1Μ
ippokrateio_cleaning_and_food	917Β469067-2ΨΛ	2023-02-23T00:00:00+00:00	PUBLISHED	99222000	ΧΡΗΜΑΤΙΚΟ ΕΝΤΑΛΜΑ ΠΛΗΡΩΜΗΣ 96Β/2023		998309282		998309282	https://diavgeia.gov.gr/doc/917Β469067-2ΨΛ
ippokrateio_cleaning_and_food	92ΦΩ469067-ΒΟΦ	2023-03-23T00:00:00+00:00	PUBLISHED	99222000	Επικύρωση της με αριθμ. 386/16.2.2023 απόφασης του κ. Ταρασίδη Γεώργιου, Αναπληρωτή Δι¬οι¬κητή του Νοσοκομείου μας, αναφορικά με την τακτοποίηση της οφειλής του Νοσοκομείου προς την εταιρεία IPPIROTIKI FACILITY SERVICES SA, που απορρέει από τα υπ’ αριθ. ΤΠΥ 1240/31.8.2022 και 1383/13.9.2022 τιμολόγια παροχής υπηρεσιών, συ¬νολικής αξίας 191.595,62 € με Φ.Π.Α. 24% για την παροχή υπηρεσιών καθαριότητας κατά τους μήνες Αύγουστο και Σεπτέμβριο (1.9.2022 έως 11.9.2022) του 2022	1.459.454,42,1.588.341,69,1.969.543,70,11.403,70,140.191,92,178.541,40,191.595,62,207.736,00,207.738,00,207.740,00,207.744,00,207.746,00,207.748,00,207.750,00,207.752,00,207.754,00,211.980,00,226.116,00,226.118,00,257.592,64,257.595,12,257.597,60,257.600,08,257.605,04,257.607,52,257.610,00,257.612,48,257.614,96,262.009,52,280.383,84,280.386,32,502.700,08,542.395,84,631.496,40,728.398,69		20PROC006713928,20PROC007860002,20SYMV006238228		https://diavgeia.gov.gr/doc/92ΦΩ469067-ΒΟΦ
ippokrateio_cleaning_and_food	96ΖΚ469067-Ι5Χ	2023-02-09T00:00:00+00:00	PUBLISHED	99222000	Έγκριση των παρακάτω δαπανών προμήθειας μη αναλώσιμου υλικού, τεχνι¬κού υλικού και υπηρε¬σιών εξόδων, μηνός Νοεμβρίου 2022, συνολι¬κής αξίας 261.915,04 €.	20.000,00,261.915,04	102083520,103104320,104217350,104493122,112040956,125658782,127327386,135265712,150991994,154925496,154938209,800429341,800733222,800877021,800951169,801022089,801026678,801040335,801160671,801567852,997693093,997799268,997810020,998158150,998309282,998530032,998618379,998679914,998842250,999324154,999332720,999332770,999432325,999685389,999718339,999961106		998309282	https://diavgeia.gov.gr/doc/96ΖΚ469067-Ι5Χ
ippokrateio_cleaning_and_food	981Α469067-ΙΑ0	2023-03-23T00:00:00+00:00	PUBLISHED	99222000	Επικύρωση της με αριθμ. 324/9.2.2023 απόφασης της κας Τιτοπούλου Αλεξάνδρας, Αναπληρώτρια Δι¬οι¬κήτρια, αναφορικά με την έγκριση δαπα¬νών προμήθειας μη αναλώσιμου υλικού, τεχνι¬κού υλικού και υπηρε¬σιών εξόδων, μηνός Νοεμβρίου 2022, συνολι¬κής αξίας 261.915,04 €	20.000,00,261.915,04	102083520,103104320,104217350,104493122,112040956,125658782,127327386,135265712,150991994,154925496,154938209,800429341,800733222,800877021,800951169,801022089,801026678,801040335,801160671,801567852,997693093,997799268,997810020,998158150,998309282,998530032,998618379,998679914,998842250,999324154,999332720,999332770,999432325,999685389,999718339,999961106		998309282	https://diavgeia.gov.gr/doc/981Α469067-ΙΑ0
ippokrateio_cleaning_and_food	9ΔΓ1469067-ΝΦΙ	2023-05-05T00:00:00+00:00	PUBLISHED	99222000	Επικύρωση του από 4.5.2023 Πρακτικού ελέγχου των εγγρά¬φων της αναδόχου εταιρίας, αναφορικά με την προσαρμογή του κόστους της ετήσιας Σύμβασης και της Τροποποίησης αυτής, του με αριθμ. Διακήρυξης 60/2022 διεθνή, δημόσιου, ανοιχτού, ηλεκτρονικού διαγωνισμού για την ανάθεση των υπηρεσιών «Διανομής και Παρασκευής Φαγητού», (CPV 55322000-3), του Νοσοκομείου, για ένα (1) έτος, λόγω αύ¬ξησης του κατώτατου μισθού των υπαλλήλων όλης της χώ¬ρας	215.000,00,26.226,00,298.620,00,31,85,34,84,4.673,40,44.046,61,48.720,01,49.770,00,52.120,00,54.443,40,57.014,07,597.240,00,599.558,29,61.714,80,64.628,80,667.110,03,67.509,82,70.697,44,740.577,60,743.452,28,766.803,60,827.216,44	553220000,998309282	22PROC010617401,23SYMV012063106	998309282,Διανομής και Παρασκευής Φαγητού	https://diavgeia.gov.gr/doc/9ΔΓ1469067-ΝΦΙ
ippokrateio_cleaning_and_food	9ΨΟΥ469067-ΖΡΘ	2023-02-23T00:00:00+00:00	PUBLISHED	99222000	Πράξη ορισμού επιτροπής παραλαβής και καλής εκτέλεσης της σύμβασης 60/2022 για την ανάθεση των υπηρεσιών «Διανομής και Παρασκευής Φαγητού» για ένα (1) έτος.	597.240,00,740.577,60		22PROC010617401	Διανομής και Παρασκευής Φαγητού	https://diavgeia.gov.gr/doc/9ΨΟΥ469067-ΖΡΘ
ippokrateio_cleaning_and_food	Ψ2Β9469067-ΙΕΞ	2023-06-26T00:00:00+00:00	PUBLISHED	99222000	ΧΕ-971 ΣΕΙΡΑ Β/2023 ΠΑΡΟΧΗ ΥΠΗΡΕΣΙΩΝ ΚΑΘΑΡ. ΤΩΝ ΧΩΡΩΝ ΤΟΥ ΝΟΣΟΚ. ΚΑΤΑ ΤΟ ΧΡΟΝΙΚΟ ΔΙΑΣΤ. ΑΠΟ 12/12/2022 ΕΩΣ 11/3/2023		998309282,999432325		998309282	https://diavgeia.gov.gr/doc/Ψ2Β9469067-ΙΕΞ
ippokrateio_cleaning_and_food	Ψ475469067-Τ28	2023-05-05T00:00:00+00:00	PUBLISHED	99222000	Διενέργεια Διεθνή Ανοικτού Ηλεκτρονικού Διαγωνισμού, για την ανάθεση των υπηρεσιών «Διανομής και Παρασκευής Φαγητού» του Νοσοκομείου (CPV 55322000-3), με απασχολούμενο προσωπικό 19 άτομα πλήρους απασχόλησης και 19 άτομα μερικής απασχόλησης για το Γ.Ν.Θ. Ιπποκρά¬τειο, για ένα (1) έτος, προϋπολογιζόμενης δαπάνης 907.385,87 € χωρίς Φ.Π.Α., που διαμορφώνεται σε 1.125.158,48 € με Φ.Π.Α. 24%, με κρι¬τήριο κατακύρωσης τη χαμηλότερη τιμή	1.031.395,27,1.125.158,48,1.814.771,74,2.250.316,96,75.615,49,831.770,38,907.385,87,93.763,21			Διανομής και Παρασκευής Φαγητού	https://diavgeia.gov.gr/doc/Ψ475469067-Τ28
ippokrateio_cleaning_and_food	ΨΒΗΙ469067-Δ2Χ	2023-06-29T00:00:00+00:00	PUBLISHED	99222000	ΧΕ-1014 ΣΕΙΡΑ Β/2023 ΣΥΜΒΑΣΗ ΥΠΗΡΕΣΙ?Ν ?ΙΑΝΟΜΗΣ ΚΑΙ ΠΑΡΑΣΚΕΥΗΣ ΦΑΓΗΤΟΥ ΜΗΝΟΣ ΙΑΝΟΥΑΡΙΟΥ 2023 (ΑΡ.?ΙΑΚ 195/2022)		998309282,999432325		998309282	https://diavgeia.gov.gr/doc/ΨΒΗΙ469067-Δ2Χ
ippokrateio_cleaning_and_food	ΨΗ52469067-7Υ9	2023-01-09T00:00:00+00:00	PUBLISHED	99222000	Επικύρωση της με αριθμ. 2528/13.12.2022 απόφασης του κ. Αντωνάκη Νι¬κό¬λαου, Δι¬οι¬κητή του Νοσοκομείου μας, αναφορικά με την προσφυγή στη διαδικασία της διαπραγμάτευσης χωρίς προηγούμενη δημοσί¬ευση, σύμφωνα με τις διατάξεις του άρθρου 32, του Ν. 4412/2016, μέσω ΕΣΗ¬ΔΗΣ, για την ανάθεση υπηρεσιών «ΔΙΑΝΟΜΗΣ ΚΑΙ ΠΑΡΑΣΚΕΥΗΣ ΦΑΓΗ¬ΤΟΥ» (CPV 55322000-3), για διάστημα δύο (2) μηνών, ήτοι για το διά¬στημα από 1.1.2023 έως 28.2.2023, με την εταιρεία IPIROTIKI FACILITY SERVICES S.A. και με προϋπολογιζόμενη δαπάνη το μηνιαίο τίμημα των 54.572,00 €/μήνα χωρίς Φ.Π.Α. (67.699,28 €/μήνα με Φ.Π.Α. 24%)	109.144,00,135.338,56,139.000,00,140.000,00,163.716,00,203.007,84,214.000,00,215.000,00,506.121,80,54.572,00,599.558,29,627.591,03,67.699,28,743.452,28			Διανομής και Παρασκευής Φαγητού	https://diavgeia.gov.gr/doc/ΨΗ52469067-7Υ9
ippokrateio_cleaning_and_food	ΨΥΨ8469067-Ζ48	2023-03-23T00:00:00+00:00	PUBLISHED	99222000	Επικύρωση της με αριθμ. 218/24.1.2023 απόφασης του κ. Ταρασίδη Γεώργιου, Αναπληρωτή Δι¬οι¬κητή του Νοσοκομείου μας, αναφορικά με την επικύρωση του από 11.1.2023 Πρακτικού εξέτασης των Υπεύθυνων δηλώ¬σεων οψιγενών μεταβολών της αναδόχου εταιρίας IPIROTIKI FACILITY SERVICES Α.Ε. ΠΑΡΟΧΗΣ ΥΠΗΡΕΣΙΩΝ ΚΑΘΑΡΙΣΜΟΥ, ΕΜΠΟ¬ΡΙΚΗ ΚΑΙ ΑΝΤΙΠΡΟ¬ΣΩΠΕΙΩΝ στον ανοιχτό, δημόσιο, διεθνή ηλεκτρονικό διαγωνισμό για την ανά¬θεση των υπηρεσιών «Διανομής και παρασκευής φαγητού» (CPV 55322000-3), για χρονικό διάστημα ενός (1) έτους, με αριθμό διακήρυξης 60/2022 και συστη¬μικό αριθμό 161649, συνολικής προϋπολογιζόμενης δαπάνης 599.558,29 € χωρίς Φ.Π.Α., η οποία δια¬μορφώνεται σε 743.452,28 € με Φ.Π.Α. 24%, με κριτήριο αξι¬ολόγησης την πλέον συμφέρουσα από οικονομική άποψη προσφορά βάσει τιμής (χαμηλότερη τιμή)	3.000,00,49.770,00,597.240,00,599.558,29,61.714,80,740.577,60,743.452,28	553220000,998309282	22PROC010617401	998309282,Διανομής και Παρασκευής Φαγητού	https://diavgeia.gov.gr/doc/ΨΥΨ8469067-Ζ48
ippokrateio_cleaning_and_food	ΩΖΖΛ469067-ΧΗΑ	2023-01-09T00:00:00+00:00	PUBLISHED	99222000	Επικύρωση της με αριθμ. 2739/30.12.2022 απόφασης του κ. Αντωνάκη Νι¬κό¬λαου, Δι¬οι¬κητή του Νοσοκομείου μας, αναφορικά με την επικύρωση των από 21.12.2022 Πρακτικού αποσφράγισης και από 30.12.2022 Πρα¬κτικού ελέγχου της υπ΄ αριθ. 317250 ηλεκτρονικής προσφοράς που κα¬τέθεσε η εταιρεία IPIROTIKI FACILITY SERVICES S.A., στην 195/2022 διαπραγμάτευση χωρίς προηγούμενη δημοσίευση για την ανάθεση των «Διανομής και Παρασκευής Φαγητού» του Νοσοκομείου (CPV 55322000-3)	109.142,00,109.144,00,135.336,08,135.338,56,54.571,00,54.572,00,67.669,28	998309282		998309282,Διανομής και Παρασκευής Φαγητού	https://diavgeia.gov.gr/doc/ΩΖΖΛ469067-ΧΗΑ
ippokrateio_cleaning_and_food	ΩΜΣΛ469067-93Ξ	2023-04-12T00:00:00+00:00	PUBLISHED	99222000	ΧΡΗΜΑΤΙΚΟ ΕΝΤΑΛΜΑ ΠΛΗΡΩΜΗΣ 420Β/2023		998309282		998309282	https://diavgeia.gov.gr/doc/ΩΜΣΛ469067-93Ξ
oak_apselemis_section_1	6363ΟΞ5Ψ-46Ε	2023-04-07T00:00:00+00:00	PUBLISHED	55291	κάλυψη δαπάνης για την σύμβαση παροχής υπηρεσίας με απευθείας ανάθεση «ΕΤΗΣΙΑ ΣΥΝΤΗΡΗΣΗ ΤΩΝ ΥΠΟΣΤΑΘΜΩΝ ΜΕΣΗΣ ΤΑΣΗΣ ΤΗΣ ΕΕΝ ΑΠΟΣΕΛΕΜΗ ΚΑΙ ΤΟΥ ΑΝΤΛΙΟΣΤΑΣΙΟΥ 1 ΣΤΟ ΣΙΣΙ πίστωση ύψους 1.200,00 € (πλέον Φ.Π.Α.)	1.200,00,83.300,00		23REQ012462160	ΕΕΝ Αποσελέμη	https://diavgeia.gov.gr/doc/6363ΟΞ5Ψ-46Ε
oak_apselemis_section_1	63ΖΘΟΞ5Ψ-5ΑΛ	2023-05-05T00:00:00+00:00	PUBLISHED	55291	κάλυψη δαπάνης για την απευθείας ανάθεση της σύμβασης παροχής υπηρεσίας «Προμήθεια ανταλλακτικών για την ετήσια συντήρηση της συσκευής Ολικού Οργανικού Άνθρακα (TOC) του εργαστηρίου ποιοτικού ελέγχου νερού της ΕΕΝ Αποσελέμη»	1.796,00,19.271,96		23REQ012607817	ΕΕΝ Αποσελέμη	https://diavgeia.gov.gr/doc/63ΖΘΟΞ5Ψ-5ΑΛ
oak_apselemis_section_1	63ΩΟΟΞ5Ψ-5ΑΕ	2023-06-07T00:00:00+00:00	PUBLISHED	55291	κάλυψη δαπάνης για Την κάλυψη δαπάνης για τη μετάβαση και επιστροφή των υπαλλήλων της Δ/νσης Διαχείρισης Συγκοινωνιακών & Υδραυλικών Έργων του Ο.Α.Κ. Α.Ε ΙΟΥΝΙΟΣ 2023	801,60				https://diavgeia.gov.gr/doc/63ΩΟΟΞ5Ψ-5ΑΕ
oak_apselemis_section_1	66ΠΡΟΞ5Ψ-ΤΔΣ	2023-06-20T00:00:00+00:00	PUBLISHED	55291	Προμήθεια ανταλλακτικών για τη συντήρηση της συσκευής υπερκάθαρου νερού PURITE SELECT HP80/BP του εργαστηρίου ποιοτικού ελέγχου νερού της ΕΕΝ Αποσελέμη	900,00	099361851	23AWRD012915587,23PROC012868319,23REQ012748523,23REQ012849267	ΕΕΝ Αποσελέμη	https://diavgeia.gov.gr/doc/66ΠΡΟΞ5Ψ-ΤΔΣ
oak_apselemis_section_1	67ΝΙΟΞ5Ψ-ΣΑΟ	2023-01-17T00:00:00+00:00	PUBLISHED	55291	ΠΡΑΚΤΙΚΟ Δ.Σ. 02/2023 Ο.Α.Κ. Α.Ε. - ΘΕΜΑ Η.Δ. 01 - Λήψη απόφασης περί έγκρισης 2ου Α.Π.Ε. του έργου «Υποέργο 2: Νέος αγωγός μεταφοράς νερού ύδρευσης από το υφιστάμενο αντλιοστάσιο Κολενίου στα δίκτυα ύδρευσης της τουριστικής ζώνης Δημοτικής Ενότητας Κολυμβαρίου του Δήμου Πλατανιά»	0,00,1.000.530,62,1.000.530,67,1.006.499,99,1.188.367,87,1.830.000,00,123.951,77,130.503,99,132.715,93,144.918,06,181.867,88,187.367,87,27.207,76,29.484,04,294.773,49,298.47,3.200.000,00,344.000,14,404.408,40,413.053,17,43.960,00,49.226,65,5.670,90,5.969,37,56.691,80,6.552,22,737.310,70,8.644,77,805.100,34,870.026,63,880.969,28,950.018,40		19PROC006049457,19REQ005816717,19REQ005956318,20AWRD007739403		https://diavgeia.gov.gr/doc/67ΝΙΟΞ5Ψ-ΣΑΟ
oak_apselemis_section_1	68ΨΒΟΞ5Ψ-ΡΑΣ	2023-01-12T00:00:00+00:00	PUBLISHED	55291	«Υποστήριξη υπηρεσιών του ΟΑΚ Α.Ε. που αφορά τη λειτουργία, τη συντήρηση της Εγκαταστάσεων Επεξεργασίας Νερού (ΕΕΝ) Αποσελέμη και των λοιπών εγκαταστάσεων των Έργων Αποσελέμη καθώς και τη λειτουργία του εργαστηρίου ελέγχου ποιότητας νερού της Εγκατάστασης Επεξεργασίας Νερού (EEN) Αποσελέμη, για το έτος 2023» ΤΜΗΜΑ 4: ΤΕΧΝΙΚΟ ΠΡΟΣΩΠΙΚΟ – «ΕΠΟΜΕΝΟ ΕΝΝΕΑΜΗΝΟ 2023» (CPV: 50000000-5)	297.200,00,84.500,00		22REQ011866901		https://diavgeia.gov.gr/doc/68ΨΒΟΞ5Ψ-ΡΑΣ
oak_apselemis_section_1	69ΓΑΟΞ5Ψ-Ω3Η	2023-03-30T00:00:00+00:00	PUBLISHED	55291	Την κάλυψη δαπάνης για τη μετάβαση και επιστροφή των υπαλλήλων του Ο.Α.Κ. Α.Ε.της Διεύθυνσης Υδραυλικών Έργων 4/2023	5.255,70			ΕΕΝ Αποσελέμη	https://diavgeia.gov.gr/doc/69ΓΑΟΞ5Ψ-Ω3Η
oak_apselemis_section_1	6ΒΘ3ΟΞ5Ψ-ΩΨΘ	2023-02-16T00:00:00+00:00	PUBLISHED	55291	ΑΠΟΣΠΑΣΜΑ ΠΡΑΚΤΙΚΟΥ 04/2023 ΔΣ ΟΑΚ ΑΕ ΘΕΜΑ ΗΔ ΝΟ 27 Λήψη απόφασης περί: α) Έγκρισης Πρακτικών ελέγχου (Δικαιολογητικών συμμετοχής –Τεχνικών Προσφορών - Οικονομικών Προσφορών) της επιτροπής αξιολόγησης προσφορών του υπ‘ αρ. 48/2022 διαγωνισμού Ο.Α.Κ. Α.Ε. για την ανάδειξη προσωρινού αναδόχου της σύμβασης παροχής υπηρεσιών «Υποστήριξη υπηρεσιών του ΟΑΚ Α.Ε. που αφορά τη λειτουργία, τη συντήρηση της Εγκαταστάσεων Επεξεργασίας Νερού (ΕΕΝ) Αποσελέμη και των λοιπών εγκαταστάσεων των Έργων Αποσελέμη καθώς και τη λειτουργία του εργαστηρίου ελέγχου ποιότητας νερού της Εγκατάστασης Επεξεργασίας Νερού (EEN) Αποσελέμη, για το έτος 2023» • ΤΜΗΜΑ 5: ΠΡΟΣΩΠΙΚΟ ΕΡΓΑΣΤΗΡΙΟΥ – «ΕΠΟΜΕΝΟ ΔΕΚΑΜΗΝΟ 2023» β) Εξουσιοδότησης Δ/ντος Συμβούλου Ο.Α.Κ. Α.Ε. για την έγκριση του Πρακτικού ελέγχου (Δικαιολογητικών κατακύρωσης) για την ανάδειξη οριστικού αναδόχου της εν λόγω σύμβασης, στο επόμενο στάδιο του διαγωνισμού.	70.800,00	999871463	22PROC011360834,22PROC011360889,22REQ011242389,22REQ011831803,22REQ011835157		https://diavgeia.gov.gr/doc/6ΒΘ3ΟΞ5Ψ-ΩΨΘ
oak_apselemis_section_1	6ΓΧΑΟΞ5Ψ-ΥΤ0	2023-01-19T00:00:00+00:00	PUBLISHED	55291	Φ.Π.Α. μη εκπιπτόμενο στη φορολογία εισοδήματος για την προμήθεια: «Προμήθεια καυσίμων για τα οχήματα και τις κτιριακές εγκαταστάσεις του ΟΑΚ Α.Ε. για το έτος 2022-2023» ΤΜΗΜΑ 4 Ν. ΗΡΑΚΛΕΙΟΥ (ΕΕΝ ΑΠΟΣΕΛΕΜΗ) ΕΙΧ CPV: 09132100-4, 09134100-8, 09135100-5, Διάρκεια: 2022-2023	4.010,99,4.539,66		22REQ011091335	ΕΕΝ Αποσελέμη	https://diavgeia.gov.gr/doc/6ΓΧΑΟΞ5Ψ-ΥΤ0
oak_apselemis_section_1	6ΗΕΝΟΞ5Ψ-ΤΘΟ	2023-03-29T00:00:00+00:00	PUBLISHED	55291	ΑΠΟΦΑΣΗ ΕΓΚΡΙΣΗΣ ΔΑΠΑΝΗΣ ΓΙΑ ΤΑ ΟΔΟΙΠΟΡΙΚΑ ΤΗΣ Δ/ΝΣΗΣ ΥΔΡ/ΚΩΝ ΕΡΓΩΝ ΓΙΑ ΤΟ ΜΗΝΑ 4 2023	5.255,70	997321341		ΕΕΝ Αποσελέμη	https://diavgeia.gov.gr/doc/6ΗΕΝΟΞ5Ψ-ΤΘΟ
oak_apselemis_section_1	6Ι5ΧΟΞ5Ψ-21Ο	2023-06-26T00:00:00+00:00	PUBLISHED	55291	Προμήθεια με απευθείας ανάθεση «ΠΡΟΜΗΘΕΙΑ ΣΥΓΚΡΟΤΗΜΑΤΟΣ ΚΙΝΗΤΗΡΑ – ΑΝΤΛΙΑΣ ΓΙΑ ΤΗ ΔΕΞΑΜΕΝΗ ΝΕΡΟΥ ΧΡΗΣΗΣ – ΠΥΡΟΣΒΕΣΗΣ ΤΗΣ ΕΕΝ ΑΠΟΣΕΛΕΜΗ», λόγω ζημιάς που προκλήθηκε στην υφιστάμενη, CPV:42122100-1 για το έτος 2023, και διάρκεια έως 31- 12-2023.	18.170,00,2.330,00			ΕΕΝ Αποσελέμη	https://diavgeia.gov.gr/doc/6Ι5ΧΟΞ5Ψ-21Ο
oak_apselemis_section_1	6ΙΡ8ΟΞ5Ψ-ΓΟΝ	2023-01-19T00:00:00+00:00	PUBLISHED	55291	«Προμήθεια καυσίμων για τα οχήματα και τις κτιριακές εγκαταστάσεις του ΟΑΚ Α.Ε. για το έτος 2022-2023» ΤΜΗΜΑ 4 Ν. ΗΡΑΚΛΕΙΟΥ (ΕΕΝ ΑΠΟΣΕΛΕΜΗ) ΦΙΧ CPV: 09132100-4, 09134100-8, 09135100-5 Διάρκεια: 2022-2023	18.895,50		22REQ011091335	ΕΕΝ Αποσελέμη	https://diavgeia.gov.gr/doc/6ΙΡ8ΟΞ5Ψ-ΓΟΝ
oak_apselemis_section_1	6ΙΣΡΟΞ5Ψ-ΡΨΘ	2023-01-19T00:00:00+00:00	PUBLISHED	55291	ΤΜΗΜΑ 3 40/22	8.796,63	099507021	22PROC011496060,22PROC011496162,22REQ011450334,22REQ011452700,23AWRD012007232	ΕΕΝ Αποσελέμη	https://diavgeia.gov.gr/doc/6ΙΣΡΟΞ5Ψ-ΡΨΘ
oak_apselemis_section_1	6ΙΨΞΟΞ5Ψ-81Ω	2023-01-12T00:00:00+00:00	PUBLISHED	55291	«Υποστήριξη υπηρεσιών του ΟΑΚ Α.Ε. που αφορά τη λειτουργία, τη συντήρηση της Εγκαταστάσεων Επεξεργασίας Νερού (ΕΕΝ) Αποσελέμη και των λοιπών εγκαταστάσεων των Έργων Αποσελέμη καθώς και τη λειτουργία του εργαστηρίου ελέγχου ποιότητας νερού της Εγκατάστασης Επεξεργασίας Νερού (EEN) Αποσελέμη, για το έτος 2023» ΤΜΗΜΑ 3: ΤΕΧΝΙΚΟ ΠΡΟΣΩΠΙΚΟ – «ΕΠΟΜΕΝΟ ΔΙΜΗΝΟ 2023» (CPV: 50000000-5)	381.700,00,47.800,00		22REQ011866901		https://diavgeia.gov.gr/doc/6ΙΨΞΟΞ5Ψ-81Ω
oak_apselemis_section_1	6ΚΕ9ΟΞ5Ψ-8ΧΔ	2023-04-11T00:00:00+00:00	PUBLISHED	55291	κάλυψης δαπάνης για την απευθείας ανάθεση της σύμβασης παροχής υπηρεσίας «ΠΑΡΑΣΙΤΙΚΕΣ ΑΝΑΛΥΣΕΙΣ ΚΡΥΠΤΟΣΠΟΡΙΔΙΟΥ ΚΑΙ GIARDIA LAMBLIA ΣΕ ΔΕΙΓΜΑΤΑ ΝΕΡΟΥ ΤΗΣ ΕΕΝ ΑΠΟΣΕΛΕΜΗ»πίστωσης ύψους 760,00 € (πλέον Φ.Π.Α.)	25.730,00,760,00		23REQ012483345	ΕΕΝ Αποσελέμη	https://diavgeia.gov.gr/doc/6ΚΕ9ΟΞ5Ψ-8ΧΔ
oak_apselemis_section_1	6Λ2ΟΟΞ5Ψ-2ΨΨ	2023-04-12T00:00:00+00:00	PUBLISHED	55291	Παροχής υπηρεσίας «ΣΥΝΤΗΡΗΣΗ ΤΟΥ ΦΑΣΜΑΤΟΦΩΤΟΜΕΤΡΟΥ HACH DR3900 ΤΟΥ ΕΡΓΑΣΤΗΡΙΟΥ ΠΟΙΟΤΙΚΟΥ ΕΛΕΓΧΟΥ ΝΕΡΟΥ ΤΗΣ ΕΕΝ ΑΠΟΣΕΛΕΜΗ» CPV: 42990000-2 για το έτος 2023 και διάρκεια έως 31-12-2023.	21.067,96,520,00			ΕΕΝ Αποσελέμη	https://diavgeia.gov.gr/doc/6Λ2ΟΟΞ5Ψ-2ΨΨ
oak_apselemis_section_1	6Ν5ΑΟΞ5Ψ-ΑΔΜ	2023-05-16T00:00:00+00:00	PUBLISHED	55291	Ετήσια συντήρηση των υποσταθμών μέσης τάσης της ΕΕΝ Αποσελέμη και του αντλιοστασίου 1 στο Σίσι για το έτος 2023	1.080,00	999438956	23AWRD012684807,23PROC012487190,23PROC012602925,23REQ012393393,23REQ012462160		https://diavgeia.gov.gr/doc/6Ν5ΑΟΞ5Ψ-ΑΔΜ
oak_apselemis_section_1	6ΝΟ9ΟΞ5Ψ-28Β	2023-04-27T00:00:00+00:00	PUBLISHED	55291	Έλεγχος κυανοτοξινών και ουσιών που προσδίδουν οσμή και γεύση στο νερό της ΕΕΝ Αποσελέμη από εξειδικευμένο και διαπιστευμένο εργαστήριο για το έτος 2023 και διάρκεια έως 31/12/2023	1.320,00	090085651	23AWRD012571015,23PROC012487295,23REQ012433398,23REQ012483433	ΕΕΝ Αποσελέμη	https://diavgeia.gov.gr/doc/6ΝΟ9ΟΞ5Ψ-28Β
oak_apselemis_section_1	6ΝΡΩΟΞ5Ψ-ΜΜ5	2023-06-09T00:00:00+00:00	PUBLISHED	55291	κάλυψη δαπάνης για την σύμβαση προμήθειας με απευθείας ανάθεση: «ΠΡΟΜΗΘΕΙΑ ΜΕΙΩΤΗ ΣΤΡΟΦΩΝ ΤΟΥ ΣΥΓΚΡΟΤΗΜΑΤΟΣ ΠΑΡΑΣΚΕΥΗΣ ΠΟΛΥΗΛΕΚΤΡΟΛΥΤΗ ΣΤΗΝ ΑΦΥΔΑΤΩΣΗ ΤΗΣ ΕΕΝ ΑΠΟΣΕΛΕΜΗ», λόγω καταστροφής του υφιστάμενου	17.811,96,520,00		23REQ012844040	ΕΕΝ Αποσελέμη	https://diavgeia.gov.gr/doc/6ΝΡΩΟΞ5Ψ-ΜΜ5
oak_apselemis_section_1	6Π7ΧΟΞ5Ψ-ΡΡΨ	2023-04-11T00:00:00+00:00	PUBLISHED	55291	κάλυψη δαπάνης για την απευθείας ανάθεση της σύμβασης προμήθειας «Προμήθεια ανταλλακτικών για τη συντήρηση της γεννήτριας όζοντος της ΕΕΝ Αποσελέμη» πίστωση ύψους 21.110,00 € (πλέον Φ.Π.Α.),	21.110,00,22.585,46		23REQ012483540	ΕΕΝ Αποσελέμη	https://diavgeia.gov.gr/doc/6Π7ΧΟΞ5Ψ-ΡΡΨ
oak_apselemis_section_1	6Π8ΥΟΞ5Ψ-ΖΑΞ	2023-04-11T00:00:00+00:00	PUBLISHED	55291	κάλυψη δαπάνης για την απευθείας ανάθεση της σύμβασης παροχής υπηρεσίας «ΔΙΑΚΡΙΒΩΣΗ ΤΟΥ ΕΞΟΠΛΙΣΜΟΥ ΤΟΥ ΕΡΓΑΣΤΗΡΙΟΥ ΠΟΙΟΤΙΚΟΥ ΕΛΕΓΧΟΥ ΝΕΡΟΥ ΤΗΣ ΕΕΝ ΑΠΟΣΕΛΕΜΗ ΚΑΙ ΠΡΟΜΗΘΕΙΑ ΔΙΑΚΡΙΒΩΜΕΝΟΥ ΕΞΟΠΛΙΣΜΟΥ»πίστωση ύψους 1.359,75 € (πλέον Φ.Π.Α.)	1.359,75,64.861,51		23REQ012483979	ΕΕΝ Αποσελέμη	https://diavgeia.gov.gr/doc/6Π8ΥΟΞ5Ψ-ΖΑΞ
oak_apselemis_section_1	6ΣΩΞΟΞ5Ψ-ΙΨ3	2023-06-26T00:00:00+00:00	PUBLISHED	55291	Ανάκληση που αφορούσε την κάλυψη δαπάνης για την σύμβαση προμήθειας με απευθείας ανάθεση «ΠΡΟΜΗΘΕΙΑ ΣΥΓΚΡΟΤΗΜΑΤΟΣ ΚΙΝΗΤΗΡΑ – ΑΝΤΛΙΑΣ ΓΙΑ ΤΗ ΔΕΞΑΜΕΝΗ ΝΕΡΟΥ ΧΡΗΣΗΣ – ΠΥΡΟΣΒΕΣΗΣ ΤΗΣ ΕΕΝ ΑΠΟΣΕΛΕΜΗ», λόγω ζημιάς που προκλήθηκε στην υφιστάμενη, CPV:42122100-1 για το έτος 2023, και διάρκεια έως 31-12-2023.	2.330,00		23REQ012462208	ΕΕΝ Αποσελέμη	https://diavgeia.gov.gr/doc/6ΣΩΞΟΞ5Ψ-ΙΨ3
oak_apselemis_section_1	6Τ12ΟΞ5Ψ-ΩΣΤ	2023-04-07T00:00:00+00:00	PUBLISHED	55291	κάλυψη δαπάνης για την σύμβαση προμήθειας με απευθείας ανάθεση «ΠΡΟΜΗΘΕΙΑ ΣΥΓΚΡΟΤΗΜΑΤΟΣ ΚΙΝΗΤΗΡΑ – ΑΝΤΛΙΑΣ ΓΙΑ ΤΗ ΔΕΞΑΜΕΝΗ ΝΕΡΟΥ ΧΡΗΣΗΣ – ΠΥΡΟΣΒΕΣΗΣ ΤΗΣ ΕΕΝ ΑΠΟΣΕΛΕΜΗ», λόγω ζημιάς που προκλήθηκε στην υφιστάμενη,πίστωση ύψους 16.328,99 € (πλέον Φ.Π.Α.)	16.328,99,2.330,00,45.821,46		23REQ012462208	ΕΕΝ Αποσελέμη	https://diavgeia.gov.gr/doc/6Τ12ΟΞ5Ψ-ΩΣΤ
oak_apselemis_section_1	6Τ5ΨΟΞ5Ψ-ΟΚΘ	2023-04-19T00:00:00+00:00	PUBLISHED	55291	Προμήθεια συγκροτήματος κινητήρα- αντλίας για τη δεξαμενή νερού χρήσης πυρόσβεσης της ΕΕΝ Αποσελέμη	2.240,00	999376894	23AWRD012518339,23PROC012483615,23REQ012393529,23REQ012462208	ΕΕΝ Αποσελέμη	https://diavgeia.gov.gr/doc/6Τ5ΨΟΞ5Ψ-ΟΚΘ
oak_apselemis_section_1	6Ω24ΟΞ5Ψ-ΓΨΞ	2023-04-12T00:00:00+00:00	PUBLISHED	55291	ΠΡΑΚΤΙΚΟ Δ.Σ. 07/2023 Ο.Α.Κ. Α.Ε. - ΘΕΜΑ Η.Δ. 13 - Λήψη απόφασης κατόπιν γνωμοδότησης του Τεχνικού Συμβουλίου Έργων και Μελετών Εποπτευομένων Φορέων Υ.ΥΠΟ.&ΜΕ. περί έγκρισης Φακέλου της Δημόσιας Σύμβασης, Τευχών Δημοπράτησης και Διακήρυξης ανοικτής διαδικασίας, σύμφωνα με το άρθρο 27 του ν.4412/2016, για την ανάδειξη αναδόχου της σύμβασης παροχής τεχνικών και λοιπών συναφών επιστημονικών υπηρεσιών «Υποστήριξη της Διεύθυνσης Υδραυλικών Έργων του Ο.Α.Κ. Α.Ε. για την εκπόνηση της μελέτης ‘‘Αποχετευτικά έργα Οροπεδίου Λασιθίου”».	161.252,42,161.290,28,17.022,60,199.999,95,200.000,00,21.037,86,21.886,20,22.494,15,4.863,60,5.287,52,68.698,35				https://diavgeia.gov.gr/doc/6Ω24ΟΞ5Ψ-ΓΨΞ
oak_apselemis_section_1	6Ω7ΓΟΞ5Ψ-2ΩΠ	2023-03-30T00:00:00+00:00	PUBLISHED	55291	κάλυψη δαπάνης για την ανάθεση της σύμβασης προμήθειας «ΑΝΑΓΕΝΝΗΣΗ ΔΥΟ (2) ΣΤΗΛΩΝ ΑΠΙΟΝΙΣΜΟΥ ΤΟΥ ΕΡΓΑΣΤΗΡΙΟΥ ΠΟΙΟΤΙΚΟΥ ΕΛΕΓΧΟΥ ΝΕΡΟΥ ΤΗΣ ΕΕΝ ΑΠΟΣΕΛΕΜΗ πίστωση ύψους 204,00 € (πλέον Φ.Π.Α.)	204,00,41.462,29		23REQ012400267	ΕΕΝ Αποσελέμη	https://diavgeia.gov.gr/doc/6Ω7ΓΟΞ5Ψ-2ΩΠ
oak_apselemis_section_1	91Υ8ΟΞ5Ψ-Χ1Μ	2023-01-12T00:00:00+00:00	PUBLISHED	55291	ΠΡΟΜΗΘΕΙΑ ΣΩΛΗΝΩΝ ΚΑΙ ΥΔΡΑΥΛΙΚΩΝ ΕΞΑΡΤΗΜΑΤΩΝ ΤΟΥ ΟΑΚ ΑΕ» CPV: 44163000-0, 44161200-8 Διάρκεια: 2023 (ΣΩΛΗΝΕΣ – ΕΞΑΡΤΗΜΑΤΑ ΕΕΝ ΑΠΟΣΕΛΕΜΗ).	302.010,34,9.996,17		22REQ011452700	ΕΕΝ Αποσελέμη	https://diavgeia.gov.gr/doc/91Υ8ΟΞ5Ψ-Χ1Μ
oak_apselemis_section_1	92ΖΒΟΞ5Ψ-ΝΥΤ	2023-01-17T00:00:00+00:00	PUBLISHED	55291	«Προμήθεια καυσίμων για τα οχήματα και τις κτιριακές εγκαταστάσεις του ΟΑΚ Α.Ε. για το έτος 2022-2023» ΤΜΗΜΑ 4 Ν. ΗΡΑΚΛΕΙΟΥ (ΕΕΝ ΑΠΟΣΕΛΕΜΗ) ΠΕΤΡΕΛΑΙΟ ΘΕΡΜΑΝΣΗΣ CPV: 09132100-4, 09134100-8, 09135100-5 Διάρκεια: 2022-2023.	470,00,5.280,00		22REQ011091335	ΕΕΝ Αποσελέμη	https://diavgeia.gov.gr/doc/92ΖΒΟΞ5Ψ-ΝΥΤ
oak_apselemis_section_1	92ΡΧΟΞ5Ψ-6Μ2	2023-01-27T00:00:00+00:00	PUBLISHED	55291	ΘΕΜΑ: Λήψη απόφασης περί έγκρισης του Πρακτικού ελέγχου Δικαιολογητικά κατακύρωσης της Επιτροπής Διαγωνισμών και Αξιολόγησης Προσφορών Ο.Α.Κ. Α.Ε στα πλαίσια του υπ’ αρ. 46/2022 διαγωνισμού Ο.Α.Κ. Α.Ε. για την ανάδειξη οριστικού αναδόχου της σύμβασης παροχής υπηρεσιών «Υποστήριξη υπηρεσιών του ΟΑΚ Α.Ε. που αφορά τη λειτουργία, τη συντήρηση της Εγκαταστάσεων Επεξεργασίας Νερού (ΕΕΝ) Αποσελέμη και των λοιπών εγκαταστάσεων των Έργων Αποσελέμη καθώς και τη λειτουργία του εργαστηρίου ελέγχου ποιότητας νερού της Εγκατάστασης Επεξεργασίας Νερού (EEN) Αποσελέμη, για το έτος 2023» ΤΜΗΜΑ 3: ΤΕΧΝΙΚΟ ΠΡΟΣΩΠΙΚΟ – «ΕΠΟΜΕΝΟ ΔΙΜΗΝΟ 2023»	47.800,00		22PROC011360834,22PROC011360889,22REQ011242389,22REQ011831803,22REQ011835157		https://diavgeia.gov.gr/doc/92ΡΧΟΞ5Ψ-6Μ2
oak_apselemis_section_1	9376ΟΞ5Ψ-ΥΞΖ	2023-04-11T00:00:00+00:00	PUBLISHED	55291	Kάλυψη δαπάνης για την απευθείας ανάθεση της σύμβασης παροχής υπηρεσίας «Ετήσια συντήρηση της συσκευής Ολικού Οργανικού Άνθρακα (TOC) του εργαστηρίου ποιοτικού ελέγχου νερού της ΕΕΝ Αποσελέμη» πίστωση ύψους 997,50 € (πλέον Φ.Π.Α.),	21.587,96,997,50		23REQ012483496	ΕΕΝ Αποσελέμη	https://diavgeia.gov.gr/doc/9376ΟΞ5Ψ-ΥΞΖ
oak_apselemis_section_1	93ΣΛΟΞ5Ψ-Ν4Σ	2023-01-18T00:00:00+00:00	PUBLISHED	55291	Ενοίκια ακινήτων του Ο.Α.Κ. ΑΕ για το έτος 2023	102.429,72	015553555,047592286,064718045,065977182,074604105,094005806,096000370,109148388,999578142		ΕΕΝ Αποσελέμη	https://diavgeia.gov.gr/doc/93ΣΛΟΞ5Ψ-Ν4Σ
oak_apselemis_section_1	9403ΟΞ5Ψ-ΦΟΨ	2023-01-17T00:00:00+00:00	PUBLISHED	55291	ΑΠΟΣΠΑΣΜΑ ΠΡΑΚΤΙΚΟΥ 02/2022 ΔΣ ΟΑΚ ΑΕ ΘΕΜΑ ΗΔ Νο 3 Λήψη απόφασης περί: α) Έγκρισης Πρακτικών ελέγχου (Δικαιολογητικών συμμετοχής – Τεχνικών Προσφορών - Οικονομικών προσφορών) της επιτροπής αξιολόγησης προσφορών του υπ‘ αρ. 44/2022 διαγωνισμού Ο.Α.Κ. Α.Ε. για:  κήρυξη ως άγονων των τμημάτων: • ΤΜΗΜΑ 1: «ΥΠΗΡΕΣΙΑ JCB», • ΤΜΗΜΑ 2: «ΠΡΟΜΗΘΕΙΑ JCB»,  την ανάδειξη προσωρινού αναδόχου των τμημάτων: • ΤΜΗΜΑ 3: «ΥΠΗΡΕΣΙΑ ΣΥΝΤΗΡΗΣΗΣ ΑΥΤΟΚΙΝΗΤΑ ΜΕ ΠΡΟΜΗΘΕΙΑ ΑΝΤΑΛΛΑΚΤΙΚΩΝ ΧΑΝΙΑ», • ΤΜΗΜΑ 4: «ΥΠΗΡΕΣΙΑ ΣΥΝΤΗΡΗΣΗΣ ΑΥΤΟΚΙΝΗΤΑ ΜΕ ΠΡΟΜΗΘΕΙΑ ΑΝΤΑΛΛΑΚΤΙΚΩΝ & ΗΡΑΚΛΕΙΟ», • ΤΜΗΜΑ 5: «ΥΠΗΡΕΣΙΕΣ ΦΑΝΟΠΟΙΕΙΟΥ ΑΥΤΟΚΙΝΗΤΩΝ ΧΑΝΙΑ», • ΤΜΗΜΑ 6: «ΥΠΗΡΕΣΙΕΣ ΦΑΝΟΠΟΙΕΙΟΥ ΑΥΤΟΚΙΝΗΤΩΝ ΗΡΑΚΛΕΙΟ», • ΤΜΗΜΑ 7: «ΥΠΗΡΕΣΙΕΣ ΗΛΕΚΤΡΟΛΟΓΙΚΕΣ ΑΥΤΟΚΙΝΗΤΩΝ ΧΑΝΙΑ», της σύμβασης παροχής υπηρεσιών «Συντήρηση και επισκευή οχημάτων και μηχανημάτων έργου ΟΑΚ ΑΕ 2023» β) Εξουσιοδότησης Δ/ντος Συμβούλου Ο.Α.Κ. Α.Ε. για την έγκριση του Πρακτικο	2.270,00,28.250,00,4.311,00,6.740,00,7.012,20	998454530,998863072	22PROC011360834,22PROC011360889,22REQ011242389,22REQ011831803,22REQ011835157		https://diavgeia.gov.gr/doc/9403ΟΞ5Ψ-ΦΟΨ
oak_apselemis_section_1	94ΟΚΟΞ5Ψ-ΥΛΖ	2023-04-12T00:00:00+00:00	PUBLISHED	55291	ΠΡΑΚΤΙΚΟ Δ.Σ. 07/2023Ο.Α.Κ. Α.Ε. - ΘΕΜΑ Η.Δ. 09 - Λήψη απόφασης περί συγκρότησης Επιτροπής παραλαβής της σύμβασης προμήθειας «Nέα έργα υποδομών ύδρευσης της ΔΕΥΑΒΑ σε περιοχές του Δήμου Πλατανιά, Π.Ε. Χανίων, Περιφέρειας Κρήτης» - Υποεργο 5: Προμήθεια Συστήματος Τηλεμετρίας και Ελέγχου Ποιότητας στο Δίκτυο Ύδρευσης της ΔΕΥΑΒΑ Χανίων Στάδιο Α», σύμφωνα με το άρθρο 221 του ν.4412/2016.	1.006.499,99,18.600,00,2.318.099,98,25.800,00,3.000.000,00,485.000,00,500.000,00,767.199,99		19SYMV004329947,20SYMV006309204,20SYMV007798963,22AWRD011586990	ΕΕΝ Αποσελέμη	https://diavgeia.gov.gr/doc/94ΟΚΟΞ5Ψ-ΥΛΖ
oak_apselemis_section_1	94ΥΩΟΞ5Ψ-2ΓΕ	2023-05-29T00:00:00+00:00	PUBLISHED	55291	κάλυψη δαπάνης του Φ.Π.Α. μη εκπιπτόμενο στη φορολογία εισοδήματος για την απευθείας ανάθεση της σύμβασης προμήθειας «ΕΞΟΔΑ ΥΠΟΔΟΧΗΣ ΚΑΙ ΦΙΛΟΞΕΝΙΑΣ ΕΚΠΡΟΣΩΠΩΝ ΦΟΡΕΩΝ ΚΑΙ ΥΠΗΡΕΣΙΩΝ ΣΤΗΝ ΕΕΝ ΑΠΟΣΕΛΕΜΗ, ΓΙΑ ΠΡΟΜΗΘΕΙΑ ΕΙΔΩΝ ΑΠΟ ΚΑΤΑΣΤΗΜΑΤΑ ΠΑΝΤΟΠΩΛΕΙΟΥ SUPERMARKET)»	1.359,79,72,00		23REQ012772328	ΕΕΝ Αποσελέμη	https://diavgeia.gov.gr/doc/94ΥΩΟΞ5Ψ-2ΓΕ
oak_apselemis_section_1	9766ΟΞ5Ψ-2ΜΧ	2023-06-12T00:00:00+00:00	PUBLISHED	55291	Προμήθεια ανταλλακτικών για τη συντήρηση των αντλιών δοσομέτρησης χημικών της ΕΕΝ Αποσελέμη με διάρκεια έως 31-12-2023	15.445,00	997838784	23AWRD012857816,23PROC012799143,23REQ012574760,23REQ012782120	ΕΕΝ Αποσελέμη	https://diavgeia.gov.gr/doc/9766ΟΞ5Ψ-2ΜΧ
oak_apselemis_section_1	97ΒΨΟΞ5Ψ-ΟΝΥ	2023-06-20T00:00:00+00:00	PUBLISHED	55291	Προμήθεια τεστ κυανιούχων σε φιαλίδια για το εργαστήριο ποιοτικού ελέγχου νερού της ΕΕΝ Αποσελέμη	222,00	998764924	23AWRD012915851,23PROC012894171,23REQ012835470,23REQ012882213	ΕΕΝ Αποσελέμη	https://diavgeia.gov.gr/doc/97ΒΨΟΞ5Ψ-ΟΝΥ
oak_apselemis_section_1	98ΕΔΟΞ5Ψ-ΦΕΦ	2023-04-13T00:00:00+00:00	PUBLISHED	55291	κάλυψης δαπάνης για Tην κάλυψη δαπανών για μετάβαση του προϊσταμένου Στρατηγικού Σχεδιασμού & Ανάπτυξης κ.Κοπάση Ελευθέριου 19/04/2023-20/04/2023	204,50,50238,89,64,50			ΕΕΝ Αποσελέμη	https://diavgeia.gov.gr/doc/98ΕΔΟΞ5Ψ-ΦΕΦ
oak_apselemis_section_1	9ΑΟΔΟΞ5Ψ-ΧΜΠ	2023-05-26T00:00:00+00:00	PUBLISHED	55291	κάλυψη δαπάνης για την απευθείας ανάθεση της σύμβασης προμήθειας «ΠΡΟΜΗΘΕΙΑ ΑΝΤΑΛΛΑΚΤΙΚΩΝ ΓΙΑ ΤΗ ΣΥΝΤΗΡΗΣΗ ΤΩΝ ΑΝΤΛΙΩΝ ΔΟΣΟΜΕΤΡΗΣΗΣ ΧΗΜΙΚΩΝ ΤΗΣ ΕΕΝ ΑΠΟΣΕΛΕΜΗ»	13.250,00,8.842,05		23REQ012758998	ΕΕΝ Αποσελέμη	https://diavgeia.gov.gr/doc/9ΑΟΔΟΞ5Ψ-ΧΜΠ
oak_apselemis_section_1	9Ε0ΙΟΞ5Ψ-ΖΝ4	2023-06-19T00:00:00+00:00	PUBLISHED	55291	Προμήθεια μειωτή στροφών του συγκροτήματος παρασκευής πολυηλεκτρολύτη στην αφυδάτωση της ΕΕΝ Αποσελέμη	520,00	094043104	23AWRD012902988,23PROC012847745,23REQ012699885,23REQ012844040	ΕΕΝ Αποσελέμη	https://diavgeia.gov.gr/doc/9Ε0ΙΟΞ5Ψ-ΖΝ4
oak_apselemis_section_1	9ΕΡ6ΟΞ5Ψ-2Ξ3	2023-01-12T00:00:00+00:00	PUBLISHED	55291	«Υποστήριξη υπηρεσιών του ΟΑΚ Α.Ε. που αφορά τη λειτουργία, τη συντήρηση της Εγκαταστάσεων Επεξεργασίας Νερού (ΕΕΝ) Αποσελέμη και των λοιπών εγκαταστάσεων των Έργων Αποσελέμη καθώς και τη λειτουργία του εργαστηρίου ελέγχου ποιότητας νερού της Εγκατάστασης Επεξεργασίας Νερού (EEN) Αποσελέμη, για το έτος 2023» ΤΜΗΜΑ 1: «ΤΕΧΝΙΚΟ ΠΡΟΣΩΠΙΚΟ – Α’ ΜΗΝΑΣ 2023» (CPV: 50000000-5)	30.000,00,429.500,00		22REQ011866901		https://diavgeia.gov.gr/doc/9ΕΡ6ΟΞ5Ψ-2Ξ3
oak_apselemis_section_1	9ΕΨ6ΟΞ5Ψ-04Μ	2023-01-12T00:00:00+00:00	PUBLISHED	55291	Υποστήριξη υπηρεσιών του ΟΑΚ Α.Ε. που αφορά τη λειτουργία, τη συντήρηση της Εγκαταστάσεων Επεξεργασίας Νερού (ΕΕΝ) Αποσελέμη και των λοιπών εγκαταστάσεων των Έργων Αποσελέμη καθώς και τη λειτουργία του εργαστηρίου ελέγχου ποιότητας νερού της Εγκατάστασης Επεξεργασίας Νερού (EEN) Αποσελέμη, για το έτος 2023	85.000,00		22REQ011242389		https://diavgeia.gov.gr/doc/9ΕΨ6ΟΞ5Ψ-04Μ
oak_apselemis_section_1	9ΘΙΔΟΞ5Ψ-ΨΩΜ	2023-01-27T00:00:00+00:00	PUBLISHED	55291	«Υποστήριξη υπηρεσιών του ΟΑΚ Α.Ε. που αφορά τη λειτουργία, τη συντήρηση της Εγκαταστάσεων Επεξεργασίας Νερού (ΕΕΝ) Αποσελέμη και των λοιπών εγκαταστάσεων των Έργων Αποσελέμη καθώς και τη λειτουργία του εργαστηρίου ελέγχου ποιότητας νερού της Εγκατάστασης Επεξεργασίας Νερού (EEN) Αποσελέμη, για το έτος 2023 ΤΜΗΜΑ 3: ΤΕΧΝΙΚΟ ΠΡΟΣΩΠΙΚΟ – «ΕΠΟΜΕΝΟ ΔΙΜΗΝΟ 2023»	47.800,00	999871463	22PROC011360834,22PROC011360889,22REQ011242389,22REQ011831803,22REQ011835157,23AWRD012043087		https://diavgeia.gov.gr/doc/9ΘΙΔΟΞ5Ψ-ΨΩΜ
oak_apselemis_section_1	9Κ0ΤΟΞ5Ψ-6ΚΕ	2023-01-12T00:00:00+00:00	PUBLISHED	55291	«Υποστήριξη υπηρεσιών ΟΑΚ ΑΕ για την παρακολούθηση λειτουργίας, τη ρύθμιση διεργασιών και τη λειτουργία και τη συντήρηση του Η/Μ εξοπλισμού της Εγκατάστασης Επεξεργασίας Νερού (ΕΕΝ) Αποσελέμη (CPV: 71000000- 8, 71336000-2).Διάρκεια 12 ΜΗΝΕΣ	47.474,04,586.230,96		22REQ010844081		https://diavgeia.gov.gr/doc/9Κ0ΤΟΞ5Ψ-6ΚΕ
oak_apselemis_section_1	9Κ5ΓΟΞ5Ψ-ΔΣ6	2023-05-11T00:00:00+00:00	PUBLISHED	55291	Συντήρηση του φασματοφωτόμετρου HACHDR3900 του εργαστηρίου ποιοτικού ελέγχου νερού της ΕΕΝ Αποσελέμη	518,00	998764924	23AWRD012655803,23PROC012590411,23REQ012433285	ΕΕΝ Αποσελέμη	https://diavgeia.gov.gr/doc/9Κ5ΓΟΞ5Ψ-ΔΣ6
oak_apselemis_section_1	9ΜΖΩΟΞ5Ψ-ΖΡ3	2023-01-19T00:00:00+00:00	PUBLISHED	55291	«Προμήθεια καυσίμων για τα οχήματα και τις κτιριακές εγκαταστάσεις του ΟΑΚ Α.Ε. για το έτος 2022-2023» ΤΜΗΜΑ 4 Ν. ΗΡΑΚΛΕΙΟΥ (ΕΕΝ ΑΠΟΣΕΛΕΜΗ) ΕΙΧ CPV: 09132100-4, 09134100-8, 09135100-5, Διάρκεια: 2022-2023	18.915,25		22REQ011091335	ΕΕΝ Αποσελέμη	https://diavgeia.gov.gr/doc/9ΜΖΩΟΞ5Ψ-ΖΡ3
oak_apselemis_section_1	9Ν7ΟΟΞ5Ψ-1ΗΔ	2023-06-01T00:00:00+00:00	PUBLISHED	55291	ΑΠΟΦΑΣΗ ΕΓΚΡΙΣΗΣ ΟΔΟΙΠΟΡΙΚΩΝ Δ/ΝΣΗΣ ΥΔΡ.ΚΩΝ ΕΡΓΩΝ ΓΙΑ ΤΟ ΜΗΝΑ 6 2023	4.493,89	997321341		ΕΕΝ Αποσελέμη	https://diavgeia.gov.gr/doc/9Ν7ΟΟΞ5Ψ-1ΗΔ
oak_apselemis_section_1	9ΝΗΓΟΞ5Ψ-ΓΦΓ	2023-04-06T00:00:00+00:00	PUBLISHED	55291	Αναγέννηση δυο (στηλών) απιονισμού του εργαστηρίου ποιοτικού ελέγχου νερού της ΕΕΝ Αποσελέμη	194,00	027829371	23AWRD012456231,23PROC012413169,23REQ012367262,23REQ012400267	ΕΕΝ Αποσελέμη	https://diavgeia.gov.gr/doc/9ΝΗΓΟΞ5Ψ-ΓΦΓ
oak_apselemis_section_1	9Ο38ΟΞ5Ψ-ΗΒΙ	2023-04-11T00:00:00+00:00	PUBLISHED	55291	κάλυψη δαπάνης για την απευθείας ανάθεση της σύμβασης παροχής υπηρεσίας «ΠΡΟΜΗΘΕΙΑ ΔΙΕΡΓΑΣΤΗΡΙΑΚΩΝ ΣΧΗΜΑΤΩΝ ΙΚΑΝΟΤΗΤΑΣ, ΜΕ ΤΡΕΙΣ (3) ΚΥΚΛΟΥΣ ΕΛΕΓΧΟΥ ΑΝΑ ΕΤΟΣ, ΓΙΑ ΤΟ ΕΡΓΑΣΤΗΡΙΟ ΠΟΙΟΤΙΚΟΥ ΕΛΕΓΧΟΥ ΝΕΡΟΥ ΤΗΣ ΕΕΝ ΑΠΟΣΕΛΕΜΗ» πίστωση ύψους 1.900,20 € (πλέον Φ.Π.Α.)	1.900,20,23.703,80		23REQ012483112	ΕΕΝ Αποσελέμη	https://diavgeia.gov.gr/doc/9Ο38ΟΞ5Ψ-ΗΒΙ
oak_apselemis_section_1	9ΟΔΤΟΞ5Ψ-ΧΤΝ	2023-05-26T00:00:00+00:00	PUBLISHED	55291	κάλυψη δαπάνης για την σύμβαση προμήθειας «Προμήθεια υλικών για την απομάκρυνση των φυκών – αλγών από τις Δεξαμενές Κροκίδωσης – Καθίζησης της ΕΕΝ Αποσελέμη»	277,60,83.022,40		23REQ012759102	ΕΕΝ Αποσελέμη	https://diavgeia.gov.gr/doc/9ΟΔΤΟΞ5Ψ-ΧΤΝ
oak_apselemis_section_1	9ΠΡΗΟΞ5Ψ-33Μ	2023-01-18T00:00:00+00:00	PUBLISHED	55291	Χαρτόσημου μισθωμάτων για το έτος 2023	10,79,3.079,32	015553555,047592286,064718045,065977182,074604105,094005806,096000370,109148388,999578142		ΕΕΝ Αποσελέμη	https://diavgeia.gov.gr/doc/9ΠΡΗΟΞ5Ψ-33Μ
oak_apselemis_section_1	9ΡΕΦΟΞ5Ψ-66Ω	2023-01-12T00:00:00+00:00	PUBLISHED	55291	«Προμήθεια υλικών αυτοματισμού για την νέα υδροδότηση της Βιομηχανικής Περιοχής Ηρακλείου καθώς και της Ηλεκτροχλωρίωσης της ΕΕΝ Αποσελέμη» , CPV: 31600000-2 για τα έτη 2022 – 2023 και διάρκεια έως 31-12-2023	1.188,70,34.196,72		22REQ011830958	ΕΕΝ Αποσελέμη	https://diavgeia.gov.gr/doc/9ΡΕΦΟΞ5Ψ-66Ω
oak_apselemis_section_1	9ΥΔΟΟΞ5Ψ-ΙΒΨ	2023-05-12T00:00:00+00:00	PUBLISHED	55291	«ΠΡΟΜΗΘΕΙΑ ΑΝΤΑΛΛΑΚΤΙΚΩΝ ΓΙΑ ΤΗ ΣΥΝΤΗΡΗΣΗ ΤΗΣ ΣΥΣΚΕΥΗΣ ΥΠΕΡΚΑΘΑΡΟΥ ΝΕΡΟΥ PURITE SELECT HP80/BP ΤΟΥ ΕΡΓΑΣΤΗΡΙΟΥ ΠΟΙΟΤΙΚΟΥ ΕΛΕΓΧΟΥ ΝΕΡΟΥ ΤΗΣ ΕΕΝ ΑΠΟΣΕΛΕΜΗ», στον αποκλειστικό αντιπρόσωπο και εξουσιοδοτημένο προμηθευτή και υπεύθυνο συντήρησης στην Ελλάδα, CPV: 31682210-5 για το έτος 2023 και διάρκεια έως 31-12-2023.	18.521,96,750,00			ΕΕΝ Αποσελέμη	https://diavgeia.gov.gr/doc/9ΥΔΟΟΞ5Ψ-ΙΒΨ
oak_apselemis_section_1	9ΦΔΧΟΞ5Ψ-Ξ58	2023-05-26T00:00:00+00:00	PUBLISHED	55291	κάλυψη δαπάνης για την απευθείας ανάθεση της σύμβασης παροχής υπηρεσίας «ΔΙΑΚΡΙΒΩΣΗ ΤΟΥ ΕΞΟΠΛΙΣΜΟΥ ΤΟΥ ΕΡΓΑΣΤΗΡΙΟΥ ΠΟΙΟΤΙΚΟΥ ΕΛΕΓΧΟΥ ΝΕΡΟΥ ΤΗΣ ΕΕΝ ΑΠΟΣΕΛΕΜΗ ΚΑΙ ΠΡΟΜΗΘΕΙΑ ΔΙΑΚΡΙΒΩΜΕΝΟΥ ΕΞΟΠΛΙΣΜΟΥ»	1.611,75,22.092,05		23REQ012759610	ΕΕΝ Αποσελέμη	https://diavgeia.gov.gr/doc/9ΦΔΧΟΞ5Ψ-Ξ58
oak_apselemis_section_1	9ΩΗ6ΟΞ5Ψ-7Χ0	2023-02-21T00:00:00+00:00	PUBLISHED	55291	«Προμήθεια καυσίμων για τα οχήματα και τις κτιριακές εγκαταστάσεις του ΟΑΚ Α.Ε. για το έτος 2022-2023» ΤΜΗΜΑ 4 Ν. ΗΡΑΚΛΕΙΟΥ (ΕΕΝ ΑΠΟΣΕΛΕΜΗ) ΦΙΧ CPV: 09132100-4, 09134100-8, 09135100-5 Διάρκεια: 2022-2023	255,32,472,50		22REQ011091335	ΕΕΝ Αποσελέμη	https://diavgeia.gov.gr/doc/9ΩΗ6ΟΞ5Ψ-7Χ0
oak_apselemis_section_1	9ΩΟΧΟΞ5Ψ-ΕΕΖ	2023-06-15T00:00:00+00:00	PUBLISHED	55291	κάλυψης έκτακτη δαπάνη για την απευθείας ανάθεση της σύμβασης προμήθειας «ΠΡΟΜΗΘΕΙΑ ΤΕΣΤ ΚΥΑΝΙΟΥΧΩΝ ΣΕ ΦΙΑΛΙΔΙΑ ΓΙΑ ΤΟ ΕΡΓΑΣΤΗΡΙΟ ΠΟΙΟΤΙΚΟΥ ΕΛΕΓΧΟΥ ΝΕΡΟΥ ΤΗΣ ΕΕΝ ΑΠΟΣΕΛΕΜΗ» για το έτος 2023 και διάρκεια έως 31-12-2023	15.710,38,260,00		23REQ012882213	ΕΕΝ Αποσελέμη	https://diavgeia.gov.gr/doc/9ΩΟΧΟΞ5Ψ-ΕΕΖ
oak_apselemis_section_1	ΕΙΑΕΟΞ5Ψ-ΡΚΜ	2023-02-16T00:00:00+00:00	PUBLISHED	55291	ΑΠΟΣΠΑΣΜΑ ΠΡΑΚΤΙΚΟΥ 04/2023 ΘΕΜΑ ΗΔ ΝΟ 26 Λήψη απόφασης περί: α) Έγκρισης Πρακτικών ελέγχου (Δικαιολογητικών συμμετοχής –Τεχνικών Προσφορών - Οικονομικών Προσφορών) της επιτροπής αξιολόγησης προσφορών του υπ‘ αρ. 47/2022 διαγωνισμού Ο.Α.Κ. Α.Ε. για την ανάδειξη προσωρινού αναδόχου της σύμβασης παροχής υπηρεσιών «Υποστήριξη υπηρεσιών του ΟΑΚ Α.Ε. που αφορά τη λειτουργία, τη συντήρηση της Εγκαταστάσεων Επεξεργασίας Νερού (ΕΕΝ) Αποσελέμη και των λοιπών εγκαταστάσεων των Έργων Αποσελέμη καθώς και τη λειτουργία του εργαστηρίου ελέγχου ποιότητας νερού της Εγκατάστασης Επεξεργασίας Νερού (EEN) Αποσελέμη, για το έτος 2023» • ΤΜΗΜΑ 4: ΤΕΧΝΙΚΟ ΠΡΟΣΩΠΙΚΟ – «ΕΠΟΜΕΝΟ ΕΝΝΕΑΜΗΝΟ 2023» β) Εξουσιοδότησης Δ/ντος Συμβούλου Ο.Α.Κ. Α.Ε. για την έγκριση του Πρακτικού ελέγχου (Δικαιολογητικών κατακύρωσης) για την ανάδειξη οριστικού αναδόχου της εν λόγω σύμβασης, στο επόμενο στάδιο του διαγωνισμού.	297.200,00	999871463	22PROC011360834,22PROC011360889,22REQ011242389,22REQ011831803,22REQ011835157		https://diavgeia.gov.gr/doc/ΕΙΑΕΟΞ5Ψ-ΡΚΜ
oak_apselemis_section_1	Ρ7ΤΜΟΞ5Ψ-607	2023-02-21T00:00:00+00:00	PUBLISHED	55291	Φ.Π.Α. μη εκπιπτόμενο στη φορολογία εισοδήματος για την προμήθεια: «Προμήθεια καυσίμων για τα οχήματα και τις κτιριακές εγκαταστάσεις του ΟΑΚ Α.Ε. για το έτος 2022-2023»	154,74,3.099,74		22REQ011091335	ΕΕΝ Αποσελέμη	https://diavgeia.gov.gr/doc/Ρ7ΤΜΟΞ5Ψ-607
oak_apselemis_section_1	Ρ9ΛΒΟΞ5Ψ-8Σ7	2023-05-15T00:00:00+00:00	PUBLISHED	55291	Απόφαση έγκρισης δαπάνης οδοιπορικών Δ/νσης Υδρ/κών Έργων για το μήνα 5 2023.	4.422,34	997321341		ΕΕΝ Αποσελέμη	https://diavgeia.gov.gr/doc/Ρ9ΛΒΟΞ5Ψ-8Σ7
oak_apselemis_section_1	ΡΛΗ0ΟΞ5Ψ-ΦΘ9	2023-05-11T00:00:00+00:00	PUBLISHED	55291	Ετήσια συντήρηση της συσκευής Ολικού Οργανικού Άνθρακα (TOC) του εργαστηρίου ποιοτικού ελέγχου νερού της ΕΕΝ Αποσελέμη	1.796,00	094147403	23AWRD012655891,23PROC012614040,23REQ012574270,23REQ012607817	ΕΕΝ Αποσελέμη	https://diavgeia.gov.gr/doc/ΡΛΗ0ΟΞ5Ψ-ΦΘ9
oak_apselemis_section_1	ΡΟΡ7ΟΞ5Ψ-ΗΗ1	2023-01-12T00:00:00+00:00	PUBLISHED	55291	«Υποστήριξη υπηρεσιών του ΟΑΚ Α.Ε. που αφορά τη λειτουργία, τη συντήρηση της Εγκαταστάσεων Επεξεργασίας Νερού (ΕΕΝ) Αποσελέμη και των λοιπών εγκαταστάσεων των Έργων Αποσελέμη καθώς και τη λειτουργία του εργαστηρίου ελέγχου ποιότητας νερού της Εγκατάστασης Επεξεργασίας Νερού (EEN) Αποσελέμη, για το έτος 2023»	375.000,00,84.500,00		22REQ011242389		https://diavgeia.gov.gr/doc/ΡΟΡ7ΟΞ5Ψ-ΗΗ1
oak_apselemis_section_1	ΡΡΓ7ΟΞ5Ψ-89Μ	2023-01-12T00:00:00+00:00	PUBLISHED	55291	Aπευθείας ανάθεση της σύμβασης προμήθειας «ΣΥΝΤΗΡΗΣΗ ΗΛΕΚΤΡΟΠΑΡΑΓΩΓΟΥ ΖΕΥΓΟΥΣ (Η/Ζ) ΤΗΣ ΕΕΝ ΑΠΟΣΕΛΕΜΗ ΚΑΙ ΠΡΟΜΗΘΕΙΑ ΑΝΤΑΛΛΑΚΤΙΚΩΝ» ,CPV: 50532300-6, με διάρκεια 12 μήνες.	3.418,54,48.781,46		22REQ011413673	ΕΕΝ Αποσελέμη	https://diavgeia.gov.gr/doc/ΡΡΓ7ΟΞ5Ψ-89Μ
oak_apselemis_section_1	ΡΩΖ3ΟΞ5Ψ-ΩΒΓ	2023-02-22T00:00:00+00:00	PUBLISHED	55291	Υποστήριξη υπηρεσιών του ΟΑΚ Α.Ε. που αφορά τη λειτουργία, τη συντήρηση της Εγκαταστάσεων Επεξεργασίας Νερού (ΕΕΝ) Αποσελέμη και των λοιπών εγκαταστάσεων των Έργων Αποσελέμη καθώς και τη λειτουργία του εργαστηρίου ελέγχου ποιότητας νερού της Εγκατάστασης Επεξεργασίας Νερού (EEN) Αποσελέμη, για το έτος 2023 ΤΜΗΜΑ 4: ΤΕΧΝΙΚΟ ΠΡΟΣΩΠΙΚΟ – «ΕΠΟΜΕΝΟ ΕΝΝΕΑΜΗΝΟ 2023	297.200,00	999871463	22PROC011360834,22PROC011360889,22PROC011904825,22PROC011904928,22REQ011242389,22REQ011831803,22REQ011835157,23AWRD012180816		https://diavgeia.gov.gr/doc/ΡΩΖ3ΟΞ5Ψ-ΩΒΓ
oak_apselemis_section_1	Ψ2Β4ΟΞ5Ψ-Θ53	2023-02-22T00:00:00+00:00	PUBLISHED	55291	Λήψη απόφασης περί έγκρισης του Πρακτικού ελέγχου Δικαιολογητικά κατακύρωσης της Επιτροπής Διαγωνισμών και Αξιολόγησης Προσφορών Ο.Α.Κ. Α.Ε στα πλαίσια του υπ’ αρ. 47/2022 διαγωνισμού Ο.Α.Κ. Α.Ε. για την ανάδειξη οριστικού αναδόχου της σύμβασης παροχής υπηρεσιών «Υποστήριξη υπηρεσιών του ΟΑΚ Α.Ε. που αφορά τη λειτουργία, τη συντήρηση της Εγκαταστάσεων Επεξεργασίας Νερού (ΕΕΝ) Αποσελέμη και των λοιπών εγκαταστάσεων των Έργων Αποσελέμη καθώς και τη λειτουργία του εργαστηρίου ελέγχου ποιότητας νερού της Εγκατάστασης Επεξεργασίας Νερού (EEN) Αποσελέμη, για το έτος 2023» ΤΜΗΜΑ 4: ΤΕΧΝΙΚΟ ΠΡΟΣΩΠΙΚΟ – «ΕΠΟΜΕΝΟ ΕΝΝΕΑΜΗΝΟ 2023»	297.200,00		22PROC011360834,22PROC011360889,22REQ011242389,22REQ011831803,22REQ011835157		https://diavgeia.gov.gr/doc/Ψ2Β4ΟΞ5Ψ-Θ53
oak_apselemis_section_1	Ψ2ΗΜΟΞ5Ψ-ΩΞΒ	2023-01-12T00:00:00+00:00	PUBLISHED	55291	«Υποστήριξη υπηρεσιών του ΟΑΚ Α.Ε. που αφορά τη λειτουργία, τη συντήρηση της Εγκαταστάσεων Επεξεργασίας Νερού (ΕΕΝ) Αποσελέμη και των λοιπών εγκαταστάσεων των Έργων Αποσελέμη καθώς και τη λειτουργία του εργαστηρίου ελέγχου ποιότητας νερού ΤΜΗΜΑ 5: ΠΡΟΣΩΠΙΚΟ ΕΡΓΑΣΤΗΡΙΟΥ – «ΕΠΟΜΕΝΟ ΔΕΚΑΜΗΝΟ 2023» (CPV: 38434560-9) και χρονικής διάρκειας 10 μηνών 2023	70.800,00		22REQ011866901		https://diavgeia.gov.gr/doc/Ψ2ΗΜΟΞ5Ψ-ΩΞΒ
oak_apselemis_section_1	Ψ58ΕΟΞ5Ψ-ΥΕΔ	2023-02-21T00:00:00+00:00	PUBLISHED	55291	«Προμήθεια καυσίμων για τα οχήματα και τις κτιριακές εγκαταστάσεις του ΟΑΚ Α.Ε. για το έτος 2022-2023» ΤΜΗΜΑ 4 Ν. ΗΡΑΚΛΕΙΟΥ (ΕΕΝ ΑΠΟΣΕΛΕΜΗ) ΕΙΧ CPV: 09132100-4, 09134100-8, 09135100-5, Διάρκεια: 2022-2023	644,75,945,95		22REQ011091335	ΕΕΝ Αποσελέμη	https://diavgeia.gov.gr/doc/Ψ58ΕΟΞ5Ψ-ΥΕΔ
oak_apselemis_section_1	Ψ6ΓΒΟΞ5Ψ-534	2023-01-17T00:00:00+00:00	PUBLISHED	55291	«Υπηρεσίες Καθαριότητας για τα Γραφεία του Ο.Α.Κ. Α.Ε.» CPV: 90910000-9. Διάρκεια: Δώδεκα μήνες (2022-2023) (ΓΡΑΦΕΙΑ ΕΕΝ ΑΠΟΣΕΛΕΜΗ ΗΡΑΚΛΕΙΟ).	11.714,75,29.855,04		22REQ010577397	ΕΕΝ Αποσελέμη	https://diavgeia.gov.gr/doc/Ψ6ΓΒΟΞ5Ψ-534
oak_apselemis_section_1	Ψ6Σ5ΟΞ5Ψ-ΕΦ1	2023-06-27T00:00:00+00:00	PUBLISHED	55291	ΑΠΟΦΑΣΗ ΕΓΚΡΙΣΗΣ ΔΑΠΑΝΗΣ ΓΙΑ ΤΑ ΟΔΟΙΠΟΡΙΚΑ ΤΗΣ Δ/ΝΣΗΣ ΥΔΡ/ΚΩΝ ΕΡΓΩΝ ΓΙΑ ΤΟ ΜΗΝΑ 7 2023	3.079,69	997321341		ΕΕΝ Αποσελέμη	https://diavgeia.gov.gr/doc/Ψ6Σ5ΟΞ5Ψ-ΕΦ1
oak_apselemis_section_1	Ψ7ΑΙΟΞ5Ψ-ΡΕΙ	2023-02-24T00:00:00+00:00	PUBLISHED	55291	Απόφαση έγκρισης οδοιπορικών για το μήνα Μάρτιο 2023 της Δ/νσης Υδρ/κών Έργων	4.861,26	997321341		ΕΕΝ Αποσελέμη	https://diavgeia.gov.gr/doc/Ψ7ΑΙΟΞ5Ψ-ΡΕΙ
oak_apselemis_section_1	Ψ8ΡΣΟΞ5Ψ-Φ4Ξ	2023-02-16T00:00:00+00:00	PUBLISHED	55291	ΠΡΑΚΤΙΚΟ Δ.Σ. 04/2023 Ο.Α.Κ. Α.Ε. - ΘΕΜΑ Η.Δ. 25 - Λήψη απόφασης υλοποίησης με ίδια μέσα του Υποέργου 4: «Σχέδιο επικοινωνίας» της Πράξης «Ευφυές σύστημα εντοπισμού διαρροών με τεχνολογία δικτύου των πραγμάτων (IoT)» με κωδικό ΟΠΣ (MIS) 5179258.					https://diavgeia.gov.gr/doc/Ψ8ΡΣΟΞ5Ψ-Φ4Ξ
oak_apselemis_section_1	ΨΑ3ΑΟΞ5Ψ-4Β7	2023-06-06T00:00:00+00:00	PUBLISHED	55291	κάλυψη δαπάνης για Την κάλυψη δαπάνης για τη μετάβαση και επιστροφή των υπαλλήλων της Διευθυνσης Υδραυλικών Έργων του Ο.Α.Κ. Α.Ε για τον μήνα Ιούνιο 2023	32069,95,4.493,89			ΕΕΝ Αποσελέμη	https://diavgeia.gov.gr/doc/ΨΑ3ΑΟΞ5Ψ-4Β7
oak_apselemis_section_1	ΨΓΕ8ΟΞ5Ψ-20Φ	2023-04-27T00:00:00+00:00	PUBLISHED	55291	Διακρίβωση του εξοπλισμού του εργαστηρίου ποιοτικού ελέγχου νερού της ΕΕΝ Αποσελέμη και προμήθεια διακριβωμένου εξοπλισμού	1.139,00	800464693	23AWRD012570534,23PROC012513227,23REQ012422078,23REQ012462160,23REQ012484038	ΕΕΝ Αποσελέμη	https://diavgeia.gov.gr/doc/ΨΓΕ8ΟΞ5Ψ-20Φ
oak_apselemis_section_1	ΨΘ57ΟΞ5Ψ-ΝΧ9	2023-05-31T00:00:00+00:00	PUBLISHED	55291	ΑΠΟΦΑΣΗ ΑΝΑΘΕΣΗΣ ΓΙΑ ΕΞΟΔΑ ΥΠΟΔΟΧΗΣ ΚΑΙ ΦΙΛΟΞΕΝΙΑΣ ΕΚΠΡΟΣΩΠΩΝ ΚΑΙ ΦΟΡΕΩΝ ΥΠΗΡΕΣΙΩΝ ΣΤΗΝ ΕΕΝ ΑΠΟΣΕΛΕΜΗ	300,00	094113461	23AWRD012783868,23REQ012614626,23REQ012772287,23REQ012772328	ΕΕΝ Αποσελέμη	https://diavgeia.gov.gr/doc/ΨΘ57ΟΞ5Ψ-ΝΧ9
oak_apselemis_section_1	ΨΘΘΕΟΞ5Ψ-ΘΝ1	2023-02-22T00:00:00+00:00	PUBLISHED	55291	Υποστήριξη υπηρεσιών του ΟΑΚ Α.Ε. που αφορά τη λειτουργία, τη συντήρηση της Εγκαταστάσεων Επεξεργασίας Νερού (ΕΕΝ) Αποσελέμη και των λοιπών εγκαταστάσεων των Έργων Αποσελέμη καθώς και τη λειτουργία του εργαστηρίου ελέγχου ποιότητας νερού της Εγκατάστασης Επεξεργασίας Νερού (EEN) Αποσελέμη, για το έτος 2023 ΤΜΗΜΑ 5 ΠΡΟΣΩΠΙΚΟ ΕΡΓΑΣΤΗΡΙΟΥ – «ΕΠΟΜΕΝΟ ΔΕΚΑΜΗΝΟ 2023	70.800,00	999871463	22PROC011360834,22PROC011360889,22PROC011905097,22PROC011905163,22REQ011242389,22REQ011831803,22REQ011835157,23AWRD012181031		https://diavgeia.gov.gr/doc/ΨΘΘΕΟΞ5Ψ-ΘΝ1
oak_apselemis_section_1	ΨΙ92ΟΞ5Ψ-10Ρ	2023-04-11T00:00:00+00:00	PUBLISHED	55291	κάλυψη δαπάνης για την απευθείας ανάθεση της σύμβασης παροχής υπηρεσίας «ΔΙΑΚΡΙΒΩΣΗ ΤΟΥ ΕΞΟΠΛΙΣΜΟΥ ΤΟΥ ΕΡΓΑΣΤΗΡΙΟΥ ΠΟΙΟΤΙΚΟΥ ΕΛΕΓΧΟΥ ΝΕΡΟΥ ΤΗΣ ΕΕΝ ΑΠΟΣΕΛΕΜΗ ΚΑΙ ΠΡΟΜΗΘΕΙΑ ΔΙΑΚΡΙΒΩΜΕΝΟΥ ΕΞΟΠΛΙΣΜΟΥ»πίστωση ύψους 252,00 € (πλέον Φ.Π.Α.)	252,00,4.183,91		23REQ012484038	ΕΕΝ Αποσελέμη	https://diavgeia.gov.gr/doc/ΨΙ92ΟΞ5Ψ-10Ρ
oak_apselemis_section_1	ΨΙΩ2ΟΞ5Ψ-ΡΕ6	2023-01-18T00:00:00+00:00	PUBLISHED	55291	Λήψη απόφασης περί έγκρισης του Πρακτικού ελέγχου Δικαιολογητικά κατακύρωσης της Επιτροπής Διαγωνισμών και Αξιολόγησης Προσφορών Ο.Α.Κ. Α.Ε στα πλαίσια του υπ’ αρ. 40/2022 διαγωνισμού Ο.Α.Κ. Α.Ε. για την ανάδειξη οριστικών αναδόχων της σύμβασης προμήθειας «Προμήθεια σωλήνων και υδραυλικών εξαρτημάτων του ΟΑΚ ΑΕ»: • ΤΜΗΜΑ 1: ΣΩΛΗΝΕΣ ΧΑΝΙΑ • ΤΜΗΜΑ 2: ΕΞΑΡΤΗΜΑΤΑ ΧΑΝΙΑ • ΤΜΗΜΑ 3: ΣΩΛΗΝΕΣ ΚΑΙ ΕΞΑΡΤΗΜΑΤΑ ΕΕΝ ΑΠΟΣΕΛΕΜΗ»	55.251,89,76.979,28,8.796,63	074710577,099507021	22PROC011496060,22PROC011496162,22REQ011450334,22REQ011452700	ΕΕΝ Αποσελέμη	https://diavgeia.gov.gr/doc/ΨΙΩ2ΟΞ5Ψ-ΡΕ6
oak_apselemis_section_1	ΨΚΥΩΟΞ5Ψ-ΖΕ0	2023-05-30T00:00:00+00:00	PUBLISHED	55291	Κάλυψη δαπάνης για την απευθείας ανάθεση της σύμβασης προμήθειας «ΠΡΟΜΗΘΕΙΑ ΑΝΤΑΛΛΑΚΤΙΚΩΝ ΓΙΑ ΤΗ ΣΥΝΤΗΡΗΣΗ ΤΩΝ ΑΝΤΛΙΩΝ ΔΟΣΟΜΕΤΡΗΣΗΣ ΧΗΜΙΚΩΝ ΤΗΣ ΕΕΝ ΑΠΟΣΕΛΕΜΗ», CPV: 42122230-1 για το έτος 2023 και διάρκεια έως 31-12-2023.	15.670,00,67.352,40		23REQ012782120	ΕΕΝ Αποσελέμη	https://diavgeia.gov.gr/doc/ΨΚΥΩΟΞ5Ψ-ΖΕ0
oak_apselemis_section_1	ΨΜΡ1ΟΞ5Ψ-Ω9Ι	2023-05-29T00:00:00+00:00	PUBLISHED	55291	κάλυψη δαπάνης για την απευθείας ανάθεση της σύμβασης προμήθειας «ΕΞΟΔΑ ΥΠΟΔΟΧΗΣ ΚΑΙ ΦΙΛΟΞΕΝΙΑΣ ΕΚΠΡΟΣΩΠΩΝ ΦΟΡΕΩΝ ΚΑΙ ΥΠΗΡΕΣΙΩΝ ΣΤΗΝ ΕΕΝ ΑΠΟΣΕΛΕΜΗ, ΓΙΑ ΠΡΟΜΗΘΕΙΑ ΕΙΔΩΝ ΑΠΟ ΚΑΤΑΣΤΗΜΑΤΑ ΠΑΝΤΟΠΩΛΕΙΟΥ (SUPERMARKET)	300,00,550,00		23REQ012772287	ΕΕΝ Αποσελέμη	https://diavgeia.gov.gr/doc/ΨΜΡ1ΟΞ5Ψ-Ω9Ι
oak_apselemis_section_1	ΨΝΥΝΟΞ5Ψ-Χ4Σ	2023-03-29T00:00:00+00:00	PUBLISHED	55291	απευθείας ανάθεση της σύμβασης παροχής υπηρεσίας «ΣΥΝΤΗΡΗΣΗ ΤΕΣΣΑΡΩΝ (4) ΑΥΤΟΜΑΤΩΝ ΠΙΠΕΤΤΩΝ ΤΟΥ ΕΡΓΑΣΤΗΡΙΟΥ ΠΟΙΟΤΙΚΟΥ ΕΛΕΓΧΟΥ ΝΕΡΟΥ ΤΗΣ ΕΕΝ ΑΠΟΣΕΛΕΜΗ πίστωση ύψους 200,00 € (πλέον Φ.Π.Α.)	200,00,48.151,46		23REQ012392757	ΕΕΝ Αποσελέμη	https://diavgeia.gov.gr/doc/ΨΝΥΝΟΞ5Ψ-Χ4Σ
oak_apselemis_section_1	ΨΡ5ΝΟΞ5Ψ-Ψ10	2023-05-03T00:00:00+00:00	PUBLISHED	55291	Προμήθεια διεργαστηριακών σχημάτων ικανότητας, με τρεις(3) κύκλους ελέγχου ανά έτος, για το εργαστήριο ποιοτικού ελέγχου νερού της ΕΕΝ Αποσελέμη	1.695,00	801484296	23AWRD012590244,23PROC012523872,23REQ012433810,23REQ012483112	ΕΕΝ Αποσελέμη	https://diavgeia.gov.gr/doc/ΨΡ5ΝΟΞ5Ψ-Ψ10
oak_apselemis_section_1	ΨΣΜΓΟΞ5Ψ-ΒΜΗ	2023-01-30T00:00:00+00:00	PUBLISHED	55291	Προμήθεια τακτικών χημικών για την λειτουργία της εγκατάστασης επεξεργασίας νερού Αποσελέμη και ταχυδιυστηρίου Δραμίων, για το έτος 2023 » Τμημα 1 Πολυηλεκτρολύτης Κροκίδωσης και αφυδάτωσης(Ανιονικός)	2.270,00,28.250,00,4.311,00,6.740,00,7.012,20	998454530,998863072	22PROC011360834,22PROC011360889,22REQ011242389,22REQ011831803,22REQ011835157		https://diavgeia.gov.gr/doc/ΨΣΜΓΟΞ5Ψ-ΒΜΗ
oak_apselemis_section_1	ΨΤ2ΒΟΞ5Ψ-4Χ9	2023-02-22T00:00:00+00:00	PUBLISHED	55291	Λήψη απόφασης περί έγκρισης του Πρακτικού ελέγχου Δικαιολογητικά κατακύρωσης της Επιτροπής Διαγωνισμών και Αξιολόγησης Προσφορών Ο.Α.Κ. Α.Ε στα πλαίσια του υπ’ αρ. 48/2022 διαγωνισμού Ο.Α.Κ. Α.Ε. για την ανάδειξη οριστικού αναδόχου της σύμβασης παροχής υπηρεσιών «Υποστήριξη υπηρεσιών του ΟΑΚ Α.Ε. που αφορά τη λειτουργία, τη συντήρηση της Εγκαταστάσεων Επεξεργασίας Νερού (ΕΕΝ) Αποσελέμη και των λοιπών εγκαταστάσεων των Έργων Αποσελέμη καθώς και τη λειτουργία του εργαστηρίου ελέγχου ποιότητας νερού της Εγκατάστασης Επεξεργασίας Νερού (EEN) Αποσελέμη, για το έτος 2023» ΤΜΗΜΑ 5 ΠΡΟΣΩΠΙΚΟ ΕΡΓΑΣΤΗΡΙΟΥ – «ΕΠΟΜΕΝΟ ΔΕΚΑΜΗΝΟ 2023»	70.800,00		22PROC011360834,22PROC011360889,22PROC011905097,22REQ011242389,22REQ011831803,22REQ011835157		https://diavgeia.gov.gr/doc/ΨΤ2ΒΟΞ5Ψ-4Χ9
oak_apselemis_section_1	ΨΤΒ6ΟΞ5Ψ-Τ1Α	2023-06-06T00:00:00+00:00	PUBLISHED	55291	Προμήθεια υλικών για την απομάκρυνση των φυκών – αλγών από τις Δεξαμενές Κροκίδωσης – Καθίζησης της ΕΕΝ Αποσελέμη	219,10	082284744	23AWRD012819039,23PROC012784011,23REQ012631677,23REQ012759102	ΕΕΝ Αποσελέμη	https://diavgeia.gov.gr/doc/ΨΤΒ6ΟΞ5Ψ-Τ1Α
oak_apselemis_section_1	ΨΥΘΦΟΞ5Ψ-Τ1Γ	2023-04-20T00:00:00+00:00	PUBLISHED	55291	Συντήρηση τεσσάρων (4) αυτόματων πιπεττών του εργαστηρίου ποιοτικού ελέγχου νερού της ΕΕΝ Αποσελέμη	196,00	800470073	23AWRD012527195,23PROC012413386,23PROC012487278,23REQ012367466,23REQ012392757	ΕΕΝ Αποσελέμη	https://diavgeia.gov.gr/doc/ΨΥΘΦΟΞ5Ψ-Τ1Γ
oak_apselemis_section_1	ΨΥΨΟΟΞ5Ψ-ΓΗΣ	2023-06-09T00:00:00+00:00	PUBLISHED	55291	κάλυψη επιπλέον δαπάνης για την απευθείας ανάθεση της σύμβασης παροχής υπηρεσίας «ΠΡΟΜΗΘΕΙΑ ΑΝΤΑΛΛΑΚΤΙΚΩΝ ΓΙΑ ΤΗ ΣΥΝΤΗΡΗΣΗ ΤΗΣ ΣΥΣΚΕΥΗΣ ΥΠΕΡΚΑΘΑΡΟΥ ΝΕΡΟΥ PURITE SELECT HP80/BP ΤΟΥ ΕΡΓΑΣΤΗΡΙΟΥ ΠΟΙΟΤΙΚΟΥ ΕΛΕΓΧΟΥ ΝΕΡΟΥ ΤΗΣ ΕΕΝ ΑΠΟΣΕΛΕΜΗ	15.195,96,150,00		23REQ012849267	ΕΕΝ Αποσελέμη	https://diavgeia.gov.gr/doc/ΨΥΨΟΟΞ5Ψ-ΓΗΣ
oak_apselemis_section_1	ΨΦ9ΗΟΞ5Ψ-7ΤΥ	2023-05-16T00:00:00+00:00	PUBLISHED	55291	κάλυψης δαπάνης για κάλυψη δαπάνης για τη μετάβαση και επιστροφή των υπαλλήλων της δ/νσης Υδραυλικών Έργων του Ο.Α.Κ. Α.Ε	39024,48,4.422,34			ΕΕΝ Αποσελέμη	https://diavgeia.gov.gr/doc/ΨΦ9ΗΟΞ5Ψ-7ΤΥ
oak_apselemis_section_1	ΨΨΝΡΟΞ5Ψ-1ΞΞ	2023-04-28T00:00:00+00:00	PUBLISHED	55291	Προμήθεια ανταλλακτικών για τη συντήρηση της γεννήτριας όζοντος της ΕΕΝ Αποσελέμη για το έτος 2023 και διάρκεια έως 31-12-2023	20.350,00	997875189	23AWRD012575107,23PROC012524338,23REQ012422158,23REQ012483540	ΕΕΝ Αποσελέμη	https://diavgeia.gov.gr/doc/ΨΨΝΡΟΞ5Ψ-1ΞΞ
oak_apselemis_section_1	Ω8Ζ3ΟΞ5Ψ-ΡΦΟ	2023-05-03T00:00:00+00:00	PUBLISHED	55291	Παρασιτικές αναλύσεις κρυοπτοσποριδίου και giardia lamblia σε δείγματα νερού της ΕΕΝ Αποσελέμη	760,00	095618319	23AWRD012591925,23PROC012535933,23REQ012433589,23REQ012483345	ΕΕΝ Αποσελέμη	https://diavgeia.gov.gr/doc/Ω8Ζ3ΟΞ5Ψ-ΡΦΟ
oak_apselemis_section_1	Ω8ΝΖΟΞ5Ψ-Ζ0Ξ	2023-06-09T00:00:00+00:00	PUBLISHED	55291	κάλυψης δαπάνης για την σύμβαση προμήθειας με απευθείας ανάθεση «ΠΡΟΜΗΘΕΙΑ ΛΙΠΑΝΤΙΚΩΝ ΓΙΑ ΤΗ ΣΥΝΤΗΡΗΣΗ ΤΟΥ Η/Μ ΕΞΟΠΛΙΣΜΟΥ ΤΗΣ ΕΕΝ ΑΠΟΣΕΛΕΜΗ ΚΑΙ ΤΩΝ ΕΡΓΩΝ ΑΠΟΣΕΛΕΜΗ» για το έτος 2023 και διάρκεια έως 31-12-2023	15.345,96,2.466,00		23REQ012844082	ΕΕΝ Αποσελέμη	https://diavgeia.gov.gr/doc/Ω8ΝΖΟΞ5Ψ-Ζ0Ξ
oak_apselemis_section_1	ΩΜΞΦΟΞ5Ψ-ΥΚ7	2023-01-12T00:00:00+00:00	PUBLISHED	55291	«Υποστήριξη υπηρεσιών του ΟΑΚ Α.Ε. που αφορά τη λειτουργία, τη συντήρηση της Εγκαταστάσεων Επεξεργασίας Νερού (ΕΕΝ) Αποσελέμη και των λοιπών εγκαταστάσεων των Έργων Αποσελέμη καθώς και τη λειτουργία του εργαστηρίου ελέγχου ποιότητας νερού της Εγκατάστασης Επεξεργασίας Νερού (EEN) Αποσελέμη, για το έτος 2023» ΤΜΗΜΑ 2: «ΠΡΟΣΩΠΙΚΟ ΕΡΓΑΣΤΗΡΙΟΥ – A’ ΔΙΜΗΝΟ 2023».	14.200,00,70.800,00				https://diavgeia.gov.gr/doc/ΩΜΞΦΟΞ5Ψ-ΥΚ7
oak_apselemis_section_1	ΩΝΥ0ΟΞ5Ψ-0ΟΝ	2023-04-11T00:00:00+00:00	PUBLISHED	55291	κάλυψη δαπάνης για την απευθείας ανάθεση της σύμβασης παροχής υπηρεσίας «ΕΛΕΓΧΟΣ ΚΥΑΝΟΤΟΞΙΝΩΝ ΚΑΙ ΟΥΣΙΩΝ ΠΟΥ ΠΡΟΣΔΙΔΟΥΝ ΟΣΜΗ ΚΑΙ ΓΕΥΣΗ ΣΤΟ ΝΕΡΟ ΤΗΣ ΕΕΝ ΑΠΟΣΕΛΕΜΗ»πίστωση ύψους 1.320,00 € (πλέον Φ.Π.Α.)	1.320,00,28.380,00		23REQ012483433	ΕΕΝ Αποσελέμη	https://diavgeia.gov.gr/doc/ΩΝΥ0ΟΞ5Ψ-0ΟΝ
oak_apselemis_section_1	ΩΧΓ9ΟΞ5Ψ-ΤΘΙ	2023-01-17T00:00:00+00:00	PUBLISHED	55291	ΑΠΟΣΠΑΣΜΑ ΠΡΑΚΤΙΚΟΥ 02 2023 ΔΣ ΟΑΚ ΑΕ ΘΕΜΑ ΗΔ ΝΟ 04 4. Λήψη απόφασης περί: α) Έγκρισης Πρακτικών ελέγχου (Δικαιολογητικών συμμετοχής –Τεχνικών Προσφορών - Οικονομικών Προσφορών) της επιτροπής αξιολόγησης προσφορών του υπ‘ αρ. 46/2022 διαγωνισμού Ο.Α.Κ. Α.Ε. για την ανάδειξη προσωρινού αναδόχου της σύμβασης παροχής υπηρεσιών «Υποστήριξη υπηρεσιών του ΟΑΚ Α.Ε. που αφορά τη λειτουργία, τη συντήρηση της Εγκαταστάσεων Επεξεργασίας Νερού (ΕΕΝ) Αποσελέμη και των λοιπών εγκαταστάσεων των Έργων Αποσελέμη καθώς και τη λειτουργία του εργαστηρίου ελέγχου ποιότητας νερού της Εγκατάστασης Επεξεργασίας Νερού (EEN) Αποσελέμη, για το έτος 2023» • ΤΜΗΜΑ 3: ΤΕΧΝΙΚΟ ΠΡΟΣΩΠΙΚΟ – «ΕΠΟΜΕΝΟ ΔΙΜΗΝΟ 2023»» β) Εξουσιοδότησης Δ/ντος Συμβούλου Ο.Α.Κ. Α.Ε. για την έγκριση του Πρακτικού ελέγχου (Δικαιολογητικών κατακύρωσης) για την ανάδειξη οριστικού αναδόχου της εν λόγω σύμβασης, στο επόμενο στάδιο του διαγωνισμού.	47.800,00		22PROC011360834,22PROC011360889,22REQ011242389,22REQ011831803,22REQ011835157		https://diavgeia.gov.gr/doc/ΩΧΓ9ΟΞ5Ψ-ΤΘΙ
